Date;Time;Sym 1 (?C);Asym 1 (?C);Sym 2 (?C);Asym 2 (?C);Sym 3 (?C);Asym 3 (?C);Sym 4 (?C);Asym 4 (?C);Sym 5 (?C);Asym 5 (?C);Sym 6 (?C);Asym 6 (?C);Sym 7 (?C);Asym 7 (?C);Sym 8 (?C);Asym 8 (?C);Temp 1 U (?C);Temp 1 L (?C);Temp 1 S (?C);Temp 2 U (?C);Temp 2 L (?C);Temp 2 S (?C);Temp 3 U (?C);Temp 3 L (?C);Temp 3 S (?C);Temp 4 U (?C);Temp 4 L (?C);Temp 4 S (?C);Temp 5 U (?C);Temp 5 L (?C);Temp 5 S (?C);Temp 6 U (?C);Temp 6 L (?C);Temp 6 S (?C);Temp 7 U (?C);Temp 7 L (?C);Temp 7 S (?C);Temp 8 U (?C);Temp 8 L (?C);Temp 8 S (?C);Heater  (V);Heater  (mA);Heater  (W/cm);Battery Voltage (V);Battery Temperature (?C);External Supply Voltage (V);External Supply Current (mA);Diagnostic Message
27.04.2022;00:00:00;0.524;1.86;0.481;1.42;0.321;1.176;0.156;1.016;0.093;0.95;0.034;0.871;0.017;0.862;0.005;0.857;27.096;26.572;28.432;27.241;26.759;28.18;27.28;26.959;28.136;27.341;27.185;28.202;27.456;27.362;28.313;27.519;27.485;28.357;27.568;27.551;28.414;27.548;27.543;28.401;7.6;62.295;0.043;4.149;31.3;24.75;31.8;NA
27.04.2022;00:15:00;0.526;1.859;0.477;1.414;0.309;1.171;0.149;1.014;0.089;0.948;0.029;0.868;0.012;0.862;0.002;0.856;27.081;26.555;28.414;27.214;26.737;28.151;27.246;26.936;28.107;27.307;27.157;28.172;27.426;27.337;28.285;27.49;27.46;28.328;27.54;27.528;28.391;27.521;27.518;28.375;7.6;62.295;0.043;4.149;30.9;24.75;32.099;NA
27.04.2022;00:30:00;0.507;1.859;0.467;1.419;0.311;1.172;0.146;1.012;0.088;0.95;0.03;0.871;0.011;0.862;0;0.857;27.026;26.518;28.377;27.174;26.706;28.126;27.216;26.905;28.077;27.278;27.131;28.144;27.396;27.307;28.257;27.462;27.431;28.302;27.512;27.501;28.363;27.494;27.494;28.351;7.6;62.295;0.043;4.148;30.8;24.79;32.4;NA
27.04.2022;00:45:00;0.491;1.853;0.451;1.409;0.294;1.171;0.144;1.014;0.083;0.947;0.027;0.873;0.009;0.864;0.003;0.856;26.964;26.473;28.326;27.121;26.67;28.08;27.169;26.874;28.046;27.243;27.099;28.113;27.364;27.281;28.228;27.431;27.404;28.277;27.483;27.474;28.338;27.468;27.465;28.322;7.6;62.295;0.043;4.113;30.7;24.82;32.099;NA
27.04.2022;01:00:00;0.491;1.84;0.45;1.41;0.291;1.17;0.139;1.01;0.08;0.95;0.025;0.871;0.006;0.861;-0.002;0.855;26.956;26.464;28.304;27.093;26.642;28.052;27.134;26.843;28.013;27.208;27.068;28.078;27.328;27.248;28.199;27.4;27.374;28.246;27.452;27.446;28.307;27.439;27.441;28.297;7.6;62.295;0.043;4.113;30.5;24.75;31.8;NA
27.04.2022;01:15:00;0.48;1.839;0.437;1.403;0.289;1.171;0.133;1.009;0.079;0.947;0.026;0.872;0.005;0.859;-0.001;0.86;26.925;26.445;28.284;27.062;26.624;28.028;27.105;26.815;27.986;27.169;27.036;28.045;27.295;27.216;28.164;27.367;27.34;28.213;27.422;27.416;28.276;27.407;27.409;28.269;7.6;62.295;0.043;4.113;30.5;24.75;31.8;NA
27.04.2022;01:30:00;0.457;1.838;0.416;1.401;0.27;1.162;0.13;1.012;0.078;0.945;0.022;0.868;0.004;0.856;-0.001;0.858;26.861;26.404;28.242;27.011;26.595;27.996;27.063;26.793;27.955;27.135;27.004;28.016;27.263;27.184;28.13;27.333;27.311;28.179;27.39;27.385;28.242;27.378;27.379;28.237;7.6;62.295;0.043;4.113;30.5;24.82;32.4;NA
27.04.2022;01:45:00;0.442;1.834;0.399;1.395;0.264;1.162;0.12;1.009;0.076;0.946;0.02;0.871;0.002;0.854;-0.004;0.853;26.817;26.374;28.209;26.965;26.565;27.96;27.021;26.757;27.92;27.095;26.975;27.985;27.228;27.151;28.098;27.298;27.278;28.149;27.358;27.355;28.21;27.345;27.35;28.204;7.6;62.295;0.043;4.113;30.5;24.78;32.099;NA
27.04.2022;02:00:00;0.436;1.842;0.392;1.394;0.255;1.158;0.121;1.012;0.072;0.949;0.017;0.874;0.004;0.86;-0.005;0.854;26.756;26.319;28.162;26.917;26.524;27.919;26.982;26.726;27.885;27.06;26.938;27.95;27.19;27.117;28.067;27.262;27.244;28.118;27.323;27.319;28.179;27.311;27.317;28.171;7.6;62.295;0.043;4.113;30.3;24.75;32.099;NA
27.04.2022;02:15:00;0.415;1.818;0.387;1.393;0.246;1.154;0.122;1.017;0.069;0.946;0.017;0.872;0;0.858;-0.008;0.857;26.722;26.306;28.125;26.877;26.489;27.882;26.937;26.69;27.845;27.021;26.899;27.916;27.151;27.082;28.029;27.228;27.21;28.083;27.286;27.287;28.145;27.274;27.283;28.14;7.6;62.295;0.043;4.102;30.4;24.72;32.4;NA
27.04.2022;02:30:00;0.406;1.826;0.374;1.389;0.244;1.156;0.113;1.011;0.065;0.948;0.011;0.87;0.002;0.857;-0.006;0.856;26.68;26.273;28.1;26.84;26.465;27.854;26.903;26.658;27.815;26.982;26.868;27.879;27.112;27.047;27.995;27.189;27.177;28.048;27.254;27.251;28.109;27.242;27.249;28.106;7.6;62.295;0.043;4.077;30.3;24.75;31.8;NA
27.04.2022;02:45:00;0.39;1.813;0.359;1.38;0.234;1.154;0.108;1.007;0.064;0.948;0.01;0.873;-0.004;0.857;-0.008;0.854;26.644;26.253;28.067;26.798;26.438;27.818;26.861;26.626;27.78;26.943;26.834;27.842;27.075;27.011;27.959;27.15;27.139;28.013;27.214;27.219;28.076;27.206;27.214;28.069;7.6;62.295;0.043;4.077;30.3;24.71;31.8;NA
27.04.2022;03:00:00;0.389;1.814;0.358;1.381;0.229;1.148;0.107;1.011;0.056;0.947;0.01;0.876;-0.002;0.858;-0.009;0.854;26.62;26.23;28.045;26.768;26.41;27.791;26.828;26.599;27.747;26.906;26.799;27.81;27.034;26.977;27.925;27.113;27.102;27.978;27.179;27.181;28.04;27.17;27.18;28.034;7.6;62.295;0.043;4.077;30.3;24.71;31.8;NA
27.04.2022;03:15:00;0.387;1.823;0.353;1.383;0.225;1.15;0.106;1.012;0.056;0.947;0.011;0.876;-0.005;0.852;-0.012;0.851;26.583;26.196;28.019;26.736;26.383;27.767;26.794;26.569;27.719;26.873;26.766;27.779;27;26.943;27.89;27.077;27.066;27.943;27.142;27.147;27.999;27.133;27.146;27.997;7.6;62.295;0.043;4.077;30.4;24.68;31.8;NA
27.04.2022;03:30:00;0.365;1.808;0.342;1.379;0.22;1.148;0.101;1.009;0.056;0.948;0.008;0.876;-0.002;0.859;-0.007;0.855;26.524;26.158;27.966;26.687;26.345;27.724;26.755;26.535;27.684;26.838;26.736;27.745;26.964;26.907;27.856;27.04;27.031;27.907;27.107;27.109;27.969;27.098;27.106;27.962;7.6;62.295;0.043;4.077;30;24.68;32.099;NA
27.04.2022;03:45:00;0.378;1.832;0.34;1.381;0.217;1.147;0.097;1.009;0.055;0.952;0.007;0.874;0;0.861;-0.014;0.854;26.468;26.09;27.923;26.644;26.304;27.686;26.713;26.495;27.642;26.797;26.7;27.71;26.925;26.869;27.821;27.006;26.998;27.872;27.071;27.071;27.933;27.057;27.071;27.926;7.6;62.295;0.043;4.077;30;24.71;31.8;NA
27.04.2022;04:00:00;0.356;1.818;0.324;1.372;0.208;1.149;0.089;1.007;0.052;0.947;0.009;0.875;-0.006;0.857;-0.01;0.856;26.414;26.057;27.875;26.592;26.267;27.64;26.665;26.457;27.606;26.752;26.663;27.67;26.887;26.835;27.782;26.969;26.959;27.835;27.031;27.038;27.895;27.023;27.034;27.89;7.6;62.295;0.043;4.073;29.9;24.71;31.8;NA
27.04.2022;04:15:00;0.342;1.799;0.315;1.366;0.2;1.141;0.087;1.002;0.049;0.945;0.009;0.876;-0.007;0.862;-0.013;0.858;26.394;26.051;27.85;26.552;26.237;27.603;26.624;26.423;27.565;26.714;26.627;27.629;26.848;26.799;27.745;26.93;26.921;27.798;26.993;27;27.863;26.983;26.997;27.855;7.6;62.295;0.043;4.04;29.8;24.68;32.4;NA
27.04.2022;04:30:00;0.323;1.782;0.309;1.362;0.195;1.137;0.081;1.002;0.049;0.947;0.011;0.876;-0.012;0.859;-0.014;0.856;26.37;26.047;27.83;26.526;26.216;27.579;26.589;26.393;27.531;26.673;26.592;27.595;26.81;26.761;27.708;26.894;26.882;27.759;26.95;26.963;27.822;26.947;26.962;27.818;7.6;62.295;0.043;4.04;30;24.64;31.8;NA
27.04.2022;04:45:00;0.321;1.781;0.298;1.356;0.187;1.135;0.077;1.001;0.043;0.946;0.005;0.876;-0.007;0.861;-0.008;0.859;26.357;26.035;27.817;26.497;26.199;27.555;26.556;26.368;27.503;26.639;26.561;27.562;26.771;26.727;27.674;26.852;26.846;27.723;26.916;26.923;27.784;26.911;26.92;27.779;7.6;62.295;0.043;4.04;30;24.64;32.099;NA
27.04.2022;05:00:00;0.321;1.79;0.3;1.358;0.189;1.133;0.077;0.997;0.043;0.942;0.008;0.878;-0.006;0.863;-0.009;0.86;26.334;26.012;27.802;26.48;26.179;27.538;26.535;26.346;27.479;26.611;26.533;27.531;26.739;26.695;27.637;26.818;26.81;27.688;26.879;26.885;27.748;26.872;26.882;27.743;7.6;62.295;0.043;4.04;30.2;24.61;32.099;NA
27.04.2022;05:15:00;0.321;1.789;0.298;1.357;0.187;1.133;0.077;0.997;0.044;0.943;0.004;0.873;-0.005;0.859;-0.012;0.856;26.317;25.996;27.785;26.458;26.159;27.517;26.51;26.322;27.456;26.587;26.509;27.507;26.709;26.665;27.608;26.786;26.781;27.654;26.847;26.852;27.711;26.836;26.848;27.705;7.6;62.295;0.043;4.04;30.2;24.61;32.4;NA
27.04.2022;05:30:00;0.322;1.799;0.302;1.361;0.185;1.133;0.074;0.996;0.043;0.944;0.004;0.87;-0.009;0.858;-0.013;0.86;26.286;25.963;27.763;26.436;26.134;27.496;26.484;26.298;27.432;26.557;26.482;27.479;26.679;26.635;27.58;26.755;26.751;27.621;26.81;26.82;27.678;26.797;26.81;27.671;7.6;62.295;0.043;4.04;30.2;24.64;32.099;NA
27.04.2022;05:45:00;0.322;1.792;0.301;1.36;0.189;1.136;0.075;1;0.044;0.943;0.003;0.873;-0.006;0.861;-0.014;0.857;26.271;25.948;27.741;26.412;26.111;27.472;26.46;26.271;27.407;26.529;26.453;27.454;26.652;26.608;27.551;26.723;26.72;27.593;26.779;26.785;27.646;26.763;26.778;27.635;7.6;62.295;0.043;4.04;30.2;24.61;32.4;NA
27.04.2022;06:00:00;0.326;1.795;0.3;1.36;0.189;1.135;0.074;0.995;0.042;0.942;0;0.87;-0.007;0.859;-0.008;0.861;26.238;25.912;27.707;26.383;26.083;27.443;26.436;26.246;27.382;26.504;26.429;27.425;26.623;26.581;27.523;26.692;26.691;27.562;26.745;26.753;27.612;26.733;26.742;27.603;7.6;62.295;0.043;4.04;29.9;24.57;31.8;NA
27.04.2022;06:15:00;0.35;1.826;0.304;1.367;0.188;1.135;0.074;0.996;0.041;0.94;0.002;0.871;-0.01;0.859;-0.01;0.858;26.199;25.848;27.674;26.353;26.048;27.416;26.407;26.218;27.354;26.474;26.4;27.396;26.594;26.552;27.493;26.659;26.657;27.528;26.713;26.723;27.582;26.699;26.709;27.568;7.6;62.295;0.043;4.011;29.7;24.61;32.4;NA
27.04.2022;06:30:00;0.298;1.789;0.279;1.352;0.176;1.132;0.067;0.992;0.036;0.94;0.002;0.871;-0.01;0.857;-0.012;0.857;26.152;25.854;27.644;26.309;26.029;27.381;26.367;26.191;27.323;26.439;26.372;27.364;26.559;26.523;27.463;26.632;26.629;27.5;26.681;26.691;27.548;26.666;26.679;27.536;7.6;62.295;0.043;4.077;30;24.5;32.099;NA
27.04.2022;06:45:00;0.036;1.56;0.142;1.277;0.125;1.108;0.047;0.984;0.033;0.94;0;0.871;-0.01;0.858;-0.014;0.856;25.796;25.759;27.32;26.117;25.974;27.252;26.281;26.155;27.264;26.39;26.342;27.327;26.526;26.492;27.433;26.597;26.598;27.469;26.649;26.659;27.517;26.632;26.647;27.503;7.6;62.295;0.043;4.113;29.6;24.5;32.099;NA
27.04.2022;07:00:00;-0.111;1.485;0.013;1.193;0.044;1.061;0.005;0.963;0.015;0.931;-0.008;0.864;-0.014;0.855;-0.013;0.857;25.429;25.541;27.027;25.816;25.803;26.996;26.094;26.05;27.111;26.284;26.278;27.242;26.464;26.448;27.38;26.556;26.564;27.428;26.614;26.629;27.484;26.601;26.615;27.472;7.6;62.295;0.043;4.113;29.6;24.54;32.099;NA
27.04.2022;07:15:00;-0.205;1.4;-0.052;1.152;0;1.039;-0.025;0.951;-0.007;0.918;-0.019;0.861;-0.019;0.852;-0.016;0.854;25.215;25.42;26.821;25.622;25.674;26.826;25.931;25.932;26.972;26.155;26.181;27.132;26.374;26.381;27.3;26.491;26.51;27.372;26.57;26.589;27.441;26.562;26.579;27.434;7.6;62.295;0.043;4.113;29.9;24.54;32.4;NA
27.04.2022;07:30:00;-0.194;1.461;-0.055;1.155;-0.016;1.031;-0.044;0.937;-0.022;0.911;-0.033;0.852;-0.032;0.848;-0.021;0.853;25.091;25.286;26.747;25.489;25.544;26.7;25.799;25.815;26.847;26.036;26.081;27.019;26.277;26.299;27.211;26.415;26.449;27.302;26.506;26.539;27.387;26.512;26.534;27.388;7.6;62.295;0.043;4.135;29.4;24.5;32.099;NA
27.04.2022;07:45:00;-0.149;1.539;-0.032;1.198;-0.017;1.037;-0.049;0.94;-0.033;0.905;-0.045;0.851;-0.032;0.847;-0.028;0.848;25.078;25.228;26.767;25.425;25.457;26.656;25.704;25.722;26.759;25.937;25.986;26.927;26.182;26.216;27.122;26.333;26.379;27.23;26.446;26.478;27.325;26.461;26.489;27.338;7.6;62.295;0.043;4.149;29.2;24.54;32.4;NA
27.04.2022;08:00:00;-0.141;1.554;-0.03;1.201;-0.021;1.042;-0.058;0.939;-0.042;0.903;-0.053;0.844;-0.039;0.843;-0.029;0.851;25.082;25.224;26.779;25.388;25.418;26.62;25.629;25.65;26.693;25.849;25.908;26.847;26.094;26.137;27.04;26.254;26.307;27.152;26.377;26.417;27.26;26.4;26.43;27.281;7.6;62.295;0.043;4.149;29.3;24.53;31.8;NA
27.04.2022;08:15:00;-0.12;1.562;-0.03;1.2;-0.028;1.034;-0.066;0.936;-0.052;0.903;-0.055;0.845;-0.044;0.839;-0.04;0.842;25.141;25.261;26.824;25.388;25.418;26.619;25.588;25.616;26.651;25.784;25.85;26.786;26.016;26.069;26.972;26.181;26.236;27.081;26.308;26.352;27.191;26.336;26.376;27.218;7.6;62.295;0.043;4.149;29.3;24.46;31.5;NA
27.04.2022;08:30:00;-0.111;1.577;-0.032;1.206;-0.03;1.037;-0.07;0.938;-0.057;0.902;-0.062;0.844;-0.05;0.838;-0.043;0.84;25.178;25.289;26.867;25.399;25.432;26.639;25.572;25.603;26.64;25.741;25.811;26.749;25.958;26.016;26.919;26.113;26.175;27.02;26.239;26.29;27.128;26.274;26.318;27.159;7.6;62.295;0.043;4.149;29.6;24.46;31.2;NA
27.04.2022;08:45:00;-0.072;1.586;-0.01;1.211;-0.021;1.04;-0.067;0.939;-0.052;0.906;-0.065;0.843;-0.053;0.837;-0.044;0.842;25.248;25.32;26.907;25.433;25.444;26.655;25.571;25.592;26.633;25.716;25.784;26.723;25.918;25.97;26.876;26.059;26.125;26.969;26.179;26.232;27.07;26.214;26.258;27.1;7.6;62.295;0.043;4.178;29.6;24.46;31.2;NA
27.04.2022;09:00:00;-0.032;1.605;0.019;1.221;-0.004;1.048;-0.057;0.942;-0.052;0.905;-0.06;0.851;-0.054;0.835;-0.043;0.841;25.308;25.341;26.947;25.47;25.451;26.673;25.579;25.584;26.633;25.705;25.762;26.705;25.886;25.939;26.844;26.015;26.075;26.927;26.129;26.183;27.018;26.159;26.202;27.043;7.6;62.295;0.043;4.186;29.5;24.45;30.6;NA
27.04.2022;09:15:00;0.042;1.628;0.069;1.239;0.017;1.054;-0.039;0.95;-0.039;0.91;-0.059;0.847;-0.053;0.835;-0.045;0.84;25.411;25.368;26.996;25.529;25.46;26.7;25.6;25.582;26.637;25.704;25.743;26.693;25.866;25.905;26.815;25.981;26.041;26.888;26.083;26.136;26.972;26.107;26.152;26.993;7.6;62.295;0.043;4.186;29.5;24.49;30.6;NA
27.04.2022;09:30:00;0.165;1.677;0.164;1.281;0.079;1.078;-0.005;0.96;-0.024;0.912;-0.048;0.849;-0.048;0.839;-0.044;0.833;25.534;25.369;27.046;25.618;25.454;26.735;25.649;25.57;26.649;25.724;25.73;26.69;25.858;25.882;26.795;25.956;26.005;26.854;26.044;26.093;26.932;26.062;26.106;26.94;7.6;62.295;0.043;4.186;29.8;24.49;30.9;NA
27.04.2022;09:45:00;0.368;1.757;0.323;1.342;0.187;1.118;0.057;0.987;0.007;0.926;-0.034;0.854;-0.042;0.84;-0.04;0.843;25.71;25.341;27.099;25.745;25.422;26.764;25.727;25.54;26.659;25.76;25.703;26.691;25.864;25.857;26.784;25.942;25.976;26.831;26.013;26.056;26.896;26.018;26.059;26.902;7.6;62.295;0.043;4.186;29.9;24.49;30.6;NA
27.04.2022;10:00:00;0.632;1.865;0.552;1.432;0.346;1.185;0.147;1.018;0.053;0.941;-0.003;0.868;-0.033;0.847;-0.034;0.842;25.88;25.247;27.113;25.892;25.339;26.771;25.826;25.479;26.665;25.818;25.671;26.69;25.884;25.83;26.772;25.941;25.945;26.813;25.989;26.022;26.869;25.986;26.021;26.864;7.6;62.295;0.043;4.186;30.2;24.52;30.6;NA
27.04.2022;10:15:00;0.677;1.882;0.602;1.452;0.39;1.199;0.194;1.036;0.09;0.955;0.013;0.874;-0.017;0.852;-0.029;0.845;25.924;25.247;27.129;25.936;25.334;26.786;25.867;25.477;26.676;25.853;25.658;26.695;25.905;25.814;26.77;25.939;25.926;26.8;25.974;25.992;26.845;25.959;25.989;26.835;7.6;62.295;0.043;4.186;30.4;24.49;30.6;NA
27.04.2022;10:30:00;0.745;1.899;0.659;1.466;0.434;1.215;0.226;1.046;0.114;0.965;0.034;0.882;-0.005;0.857;-0.022;0.846;26.006;25.26;27.16;25.997;25.337;26.803;25.911;25.476;26.692;25.882;25.655;26.702;25.921;25.806;26.771;25.943;25.909;26.791;25.965;25.97;26.827;25.937;25.959;26.806;7.6;62.295;0.043;4.186;30.7;24.45;30.6;NA
27.04.2022;10:45:00;0.895;1.941;0.783;1.501;0.513;1.238;0.281;1.066;0.141;0.973;0.053;0.887;0.006;0.861;-0.015;0.85;26.115;25.22;27.162;26.087;25.304;26.805;25.97;25.456;26.694;25.924;25.642;26.708;25.941;25.8;26.773;25.951;25.898;26.785;25.958;25.951;26.813;25.919;25.935;26.786;7.6;62.295;0.043;4.186;30.9;24.45;30.6;NA
27.04.2022;11:00:00;1.019;1.982;0.889;1.535;0.587;1.259;0.329;1.08;0.176;0.986;0.068;0.893;0.02;0.865;-0.002;0.857;26.165;25.145;27.128;26.135;25.245;26.78;26.012;25.424;26.683;25.956;25.627;26.708;25.964;25.787;26.773;25.958;25.889;26.783;25.957;25.937;26.802;25.91;25.912;26.77;7.6;62.295;0.043;4.149;27.8;0;0;NA
27.04.2022;11:15:00;0.992;1.969;0.869;1.526;0.588;1.26;0.337;1.083;0.19;0.993;0.086;0.9;0.033;0.873;0.008;0.859;26.16;25.168;27.138;26.132;25.262;26.788;26.019;25.43;26.691;25.968;25.631;26.715;25.977;25.786;26.78;25.969;25.882;26.783;25.958;25.924;26.798;25.904;25.895;26.754;7.6;62.295;0.043;4.149;26.2;0;0;NA
27.04.2022;11:30:00;1.08;1.994;0.941;1.543;0.625;1.27;0.362;1.09;0.207;0.996;0.098;0.902;0.042;0.872;0.015;0.865;26.215;25.135;27.129;26.18;25.239;26.782;26.05;25.425;26.695;25.994;25.631;26.721;25.995;25.788;26.785;25.981;25.883;26.786;25.961;25.919;26.792;25.898;25.882;26.748;7.6;62.295;0.043;4.128;25.7;0;0;NA
27.04.2022;11:45:00;1.283;2.003;1.103;1.56;0.732;1.292;0.427;1.107;0.239;1.006;0.113;0.905;0.052;0.877;0.017;0.865;26.29;25.006;27.009;26.224;25.12;26.68;26.079;25.347;26.639;26.02;25.592;26.7;26.016;25.776;26.783;25.993;25.879;26.785;25.967;25.914;26.792;25.893;25.875;26.741;7.6;62.295;0.043;4.149;27.5;5;100;NA
27.04.2022;12:00:00;1.447;1.964;1.238;1.536;0.847;1.297;0.505;1.117;0.28;1.013;0.137;0.912;0.065;0.881;0.028;0.865;26.268;24.821;26.785;26.188;24.949;26.486;26.062;25.215;26.512;26.019;25.513;26.631;26.022;25.741;26.755;26;25.862;26.774;25.972;25.906;26.787;25.895;25.867;26.732;7.6;62.295;0.043;4.113;27.5;0;0;NA
27.04.2022;12:15:00;1.506;1.773;1.302;1.418;0.946;1.258;0.585;1.117;0.328;1.022;0.164;0.918;0.083;0.887;0.031;0.871;26.112;24.605;26.379;26.016;24.714;26.132;25.958;25.011;26.27;25.967;25.381;26.499;26.004;25.676;26.698;25.997;25.833;26.751;25.973;25.89;26.778;25.89;25.858;26.729;7.6;62.295;0.043;4.113;26.3;0;0;NA
27.04.2022;12:30:00;1.393;1.637;1.192;1.301;0.889;1.186;0.576;1.082;0.341;1.012;0.175;0.919;0.09;0.891;0.05;0.877;25.922;24.529;26.166;25.799;24.606;25.907;25.77;24.881;26.068;25.844;25.267;26.35;25.941;25.599;26.612;25.968;25.793;26.712;25.961;25.87;26.762;25.894;25.843;26.72;7.6;62.295;0.043;4.113;26.7;0;0;NA
27.04.2022;12:45:00;1.28;1.527;1.108;1.226;0.837;1.137;0.549;1.05;0.327;0.997;0.179;0.913;0.098;0.888;0.061;0.877;25.819;24.538;26.065;25.689;24.58;25.807;25.669;24.832;25.969;25.762;25.213;26.264;25.883;25.556;26.553;25.936;25.756;26.669;25.945;25.847;26.736;25.886;25.824;26.702;7.6;62.295;0.043;4.094;27.2;0;0;NA
27.04.2022;13:00:00;1.203;1.486;1.042;1.19;0.782;1.107;0.512;1.029;0.314;0.983;0.175;0.906;0.099;0.888;0.062;0.878;25.814;24.611;26.097;25.661;24.619;25.809;25.626;24.843;25.95;25.713;25.201;26.23;25.848;25.533;26.517;25.911;25.735;26.642;25.931;25.831;26.72;25.877;25.814;26.693;7.6;62.295;0.043;4.077;27.6;0;0;NA
27.04.2022;13:15:00;1.233;1.512;1.056;1.206;0.776;1.114;0.494;1.027;0.292;0.977;0.162;0.9;0.095;0.88;0.063;0.877;25.938;24.705;26.217;25.763;24.707;25.914;25.687;24.911;26.026;25.739;25.244;26.271;25.846;25.554;26.531;25.902;25.74;26.64;25.924;25.828;26.708;25.872;25.809;26.686;7.6;62.295;0.043;4.077;27.5;0;0;NA
27.04.2022;13:30:00;1.217;1.492;1.046;1.19;0.77;1.095;0.489;1.013;0.291;0.97;0.16;0.896;0.094;0.879;0.063;0.873;25.983;24.765;26.257;25.806;24.759;25.95;25.731;24.961;26.057;25.777;25.287;26.3;25.87;25.578;26.549;25.917;25.757;26.653;25.931;25.836;26.716;25.876;25.812;26.686;7.6;62.295;0.043;4.077;27.7;0;0;NA
27.04.2022;13:45:00;1.212;1.507;1.03;1.188;0.757;1.097;0.481;1.011;0.285;0.959;0.159;0.892;0.094;0.875;0.061;0.87;26.062;24.85;26.358;25.865;24.835;26.024;25.774;25.016;26.114;25.812;25.331;26.342;25.9;25.615;26.574;25.937;25.778;26.67;25.945;25.851;26.726;25.887;25.826;26.696;7.6;62.295;0.043;4.073;27.9;0;0;NA
27.04.2022;14:00:00;1.243;1.501;1.056;1.188;0.769;1.098;0.487;1.014;0.289;0.965;0.155;0.888;0.091;0.872;0.061;0.87;26.174;24.931;26.433;25.973;24.916;26.104;25.861;25.092;26.191;25.875;25.387;26.402;25.943;25.654;26.619;25.966;25.811;26.7;25.967;25.875;26.748;25.906;25.844;26.714;7.6;62.295;0.043;4.058;27.7;0;0;NA
27.04.2022;14:15:00;1.218;1.525;1.037;1.192;0.757;1.096;0.476;1.006;0.285;0.962;0.154;0.886;0.09;0.872;0.056;0.863;26.142;24.924;26.45;25.984;24.947;26.139;25.894;25.137;26.233;25.916;25.439;26.446;25.981;25.696;26.658;26.002;25.847;26.734;25.994;25.904;26.776;25.925;25.869;26.733;7.6;62.295;0.043;4.04;27.4;0;0;NA
27.04.2022;14:30:00;1.239;1.485;1.062;1.179;0.779;1.094;0.49;1.011;0.291;0.962;0.154;0.884;0.09;0.87;0.059;0.864;26.13;24.891;26.376;25.979;24.917;26.097;25.916;25.136;26.231;25.949;25.459;26.47;26.023;25.732;26.694;26.038;25.883;26.768;26.025;25.935;26.805;25.955;25.895;26.76;7.6;62.295;0.043;4.04;27.6;0;0;NA
27.04.2022;14:45:00;1.199;1.408;1.029;1.127;0.771;1.066;0.5;1.002;0.295;0.958;0.157;0.883;0.091;0.869;0.056;0.861;26.088;24.889;26.298;25.92;24.891;26.018;25.875;25.103;26.169;25.939;25.439;26.441;26.033;25.737;26.696;26.06;25.903;26.786;26.055;25.964;26.833;25.982;25.926;26.787;7.6;62.295;0.043;4.04;28.2;0;0;NA
27.04.2022;15:00:00;1.176;1.405;1.007;1.119;0.75;1.062;0.48;0.994;0.289;0.954;0.153;0.882;0.09;0.866;0.055;0.859;26.1;24.923;26.328;25.924;24.917;26.037;25.87;25.12;26.182;25.932;25.452;26.446;26.039;25.749;26.704;26.072;25.919;26.801;26.076;25.986;26.852;26.006;25.951;26.81;7.6;62.295;0.043;4.033;28.4;0;0;NA
27.04.2022;15:15:00;1.175;1.397;0.997;1.111;0.744;1.056;0.484;0.995;0.284;0.954;0.153;0.883;0.087;0.864;0.054;0.857;26.07;24.895;26.292;25.906;24.908;26.02;25.87;25.125;26.182;25.942;25.458;26.454;26.047;25.763;26.717;26.088;25.935;26.819;26.095;26.008;26.873;26.029;25.974;26.831;7.6;62.295;0.043;4.018;28.7;0;0;NA
27.04.2022;15:30:00;1.171;1.374;0.997;1.103;0.741;1.046;0.476;0.989;0.285;0.957;0.149;0.879;0.087;0.863;0.052;0.856;26.061;24.89;26.264;25.883;24.885;25.989;25.852;25.111;26.158;25.935;25.458;26.447;26.054;25.768;26.726;26.101;25.952;26.831;26.116;26.028;26.891;26.048;25.996;26.852;7.6;62.295;0.043;4.004;28.8;0;0;NA
27.04.2022;15:45:00;1.177;1.419;0.999;1.126;0.731;1.058;0.463;0.99;0.275;0.953;0.144;0.88;0.085;0.861;0.052;0.855;26.08;24.903;26.322;25.907;24.908;26.034;25.865;25.133;26.191;25.939;25.476;26.467;26.057;25.782;26.736;26.111;25.967;26.847;26.13;26.045;26.907;26.07;26.018;26.873;7.6;62.295;0.043;4.004;28.9;0;0;NA
27.04.2022;16:00:00;1.199;1.436;1.008;1.135;0.731;1.063;0.458;0.994;0.268;0.951;0.141;0.882;0.081;0.862;0.051;0.857;26.108;24.909;26.345;25.927;24.919;26.054;25.881;25.15;26.214;25.955;25.497;26.491;26.072;25.804;26.756;26.124;25.983;26.866;26.143;26.062;26.925;26.091;26.04;26.897;7.6;62.295;0.043;4.004;28.9;0;0;NA
27.04.2022;16:15:00;1.194;1.484;1.005;1.164;0.723;1.076;0.45;0.999;0.265;0.951;0.134;0.878;0.077;0.859;0.047;0.852;26.138;24.944;26.428;25.974;24.969;26.133;25.918;25.195;26.271;25.979;25.528;26.528;26.092;25.826;26.777;26.139;26.004;26.882;26.162;26.085;26.944;26.109;26.062;26.914;7.6;62.295;0.043;4;28.5;0;0;NA
27.04.2022;16:30:00;1.222;1.492;1.031;1.177;0.729;1.084;0.452;1.004;0.262;0.952;0.131;0.874;0.079;0.858;0.05;0.856;26.128;24.905;26.398;25.995;24.963;26.14;25.949;25.219;26.303;26.013;25.561;26.565;26.118;25.855;26.808;26.163;26.032;26.906;26.183;26.104;26.962;26.132;26.081;26.938;7.6;62.295;0.043;3.986;28.2;0;0;NA
27.04.2022;16:45:00;1.23;1.499;1.028;1.177;0.727;1.083;0.453;1.003;0.259;0.954;0.135;0.879;0.073;0.854;0.047;0.854;26.07;24.839;26.339;25.948;24.919;26.097;25.932;25.204;26.288;26.017;25.563;26.567;26.128;25.868;26.823;26.185;26.049;26.929;26.203;26.13;26.985;26.155;26.107;26.962;7.6;62.295;0.043;3.967;28.2;0;0;NA
27.04.2022;17:00:00;1.23;1.548;1.027;1.209;0.717;1.096;0.429;1.002;0.252;0.956;0.129;0.876;0.076;0.858;0.045;0.852;26.04;24.809;26.358;25.932;24.904;26.114;25.923;25.205;26.302;26.003;25.574;26.576;26.133;25.88;26.837;26.196;26.067;26.943;26.223;26.147;27.005;26.174;26.129;26.981;7.6;62.295;0.043;3.967;28.2;0;0;NA
27.04.2022;17:15:00;1.243;1.584;1.035;1.237;0.709;1.111;0.418;1.003;0.246;0.954;0.124;0.879;0.074;0.86;0.044;0.856;26.048;24.805;26.39;25.944;24.908;26.146;25.924;25.215;26.326;26.006;25.587;26.591;26.139;25.893;26.847;26.202;26.077;26.957;26.236;26.161;27.022;26.194;26.149;27.005;7.6;62.295;0.043;3.967;27.8;0;0;NA
27.04.2022;17:30:00;1.256;1.595;1.047;1.247;0.715;1.116;0.423;1.013;0.241;0.956;0.121;0.878;0.07;0.859;0.045;0.854;26.037;24.78;26.376;25.944;24.897;26.145;25.935;25.219;26.336;26.016;25.593;26.606;26.144;25.902;26.859;26.21;26.089;26.967;26.248;26.178;27.038;26.212;26.167;27.021;7.6;62.295;0.043;3.967;27.8;0;0;NA
27.04.2022;17:45:00;1.251;1.628;1.047;1.268;0.707;1.126;0.421;1.017;0.238;0.958;0.12;0.88;0.071;0.863;0.042;0.853;26.02;24.768;26.397;25.936;24.888;26.156;25.923;25.215;26.341;26.015;25.594;26.611;26.145;25.906;26.865;26.216;26.095;26.975;26.261;26.19;27.053;26.225;26.183;27.036;7.6;62.295;0.043;3.953;27.7;0;0;NA
27.04.2022;18:00:00;1.257;1.668;1.048;1.297;0.71;1.14;0.42;1.027;0.237;0.961;0.119;0.881;0.065;0.862;0.043;0.855;26.032;24.775;26.443;25.948;24.899;26.197;25.934;25.224;26.365;26.017;25.596;26.623;26.147;25.91;26.871;26.22;26.1;26.982;26.267;26.201;27.063;26.238;26.195;27.051;7.6;62.295;0.043;3.931;27.4;0;0;NA
27.04.2022;18:15:00;1.266;1.703;1.052;1.316;0.707;1.15;0.414;1.026;0.235;0.96;0.118;0.884;0.069;0.864;0.044;0.858;26.062;24.796;26.499;25.975;24.923;26.24;25.95;25.242;26.393;26.026;25.611;26.638;26.154;25.918;26.879;26.225;26.106;26.991;26.277;26.207;27.071;26.249;26.204;27.063;7.6;62.295;0.043;3.931;27.3;0;0;NA
27.04.2022;18:30:00;1.264;1.737;1.056;1.342;0.708;1.162;0.412;1.035;0.235;0.963;0.118;0.884;0.066;0.861;0.043;0.858;26.092;24.828;26.565;26.015;24.958;26.301;25.979;25.271;26.433;26.041;25.628;26.663;26.164;25.929;26.892;26.233;26.114;26.999;26.284;26.218;27.079;26.261;26.217;27.075;7.6;62.295;0.043;3.931;27.2;0;0;NA
27.04.2022;18:45:00;1.271;1.766;1.059;1.358;0.704;1.168;0.415;1.04;0.236;0.966;0.119;0.883;0.067;0.862;0.041;0.856;26.105;24.834;26.601;26.039;24.979;26.337;26.001;25.297;26.466;26.062;25.646;26.687;26.178;25.942;26.909;26.245;26.125;27.008;26.293;26.226;27.089;26.269;26.228;27.085;7.6;62.295;0.043;3.931;27.2;0;0;NA
27.04.2022;19:00:00;1.266;1.795;1.062;1.385;0.704;1.18;0.41;1.043;0.236;0.968;0.118;0.883;0.066;0.861;0.039;0.856;26.11;24.843;26.639;26.054;24.992;26.377;26.018;25.313;26.494;26.073;25.663;26.707;26.19;25.953;26.922;26.255;26.137;27.02;26.304;26.238;27.099;26.279;26.239;27.096;7.6;62.295;0.043;3.922;26.9;0;0;NA
27.04.2022;19:15:00;1.248;1.831;1.054;1.414;0.69;1.192;0.405;1.05;0.234;0.971;0.123;0.888;0.068;0.865;0.039;0.857;26.129;24.881;26.712;26.079;25.025;26.44;26.033;25.343;26.535;26.086;25.681;26.732;26.201;25.966;26.938;26.267;26.144;27.033;26.314;26.245;27.11;26.289;26.249;27.107;7.6;62.295;0.043;3.911;26.6;0;0;NA
27.04.2022;19:30:00;1.222;1.873;1.031;1.444;0.683;1.208;0.394;1.051;0.231;0.969;0.118;0.885;0.067;0.865;0.042;0.858;26.168;24.945;26.818;26.117;25.086;26.53;26.068;25.384;26.593;26.107;25.713;26.764;26.216;25.985;26.954;26.277;26.158;27.044;26.322;26.254;27.12;26.301;26.258;27.116;7.6;62.295;0.043;3.895;26.4;0;0;NA
27.04.2022;19:45:00;1.184;1.902;1.006;1.461;0.665;1.218;0.387;1.059;0.227;0.974;0.12;0.892;0.067;0.865;0.045;0.861;26.217;25.032;26.934;26.175;25.169;26.631;26.11;25.444;26.663;26.136;25.749;26.808;26.233;26.006;26.981;26.29;26.169;27.062;26.334;26.267;27.132;26.311;26.265;27.126;7.6;62.295;0.043;3.895;26.5;0;0;NA
27.04.2022;20:00:00;1.142;1.927;0.971;1.479;0.646;1.229;0.373;1.064;0.227;0.98;0.12;0.889;0.067;0.867;0.043;0.861;26.269;25.127;27.054;26.23;25.259;26.738;26.156;25.509;26.739;26.169;25.796;26.86;26.257;26.029;27.01;26.308;26.187;27.077;26.345;26.278;27.146;26.319;26.276;27.137;7.6;62.295;0.043;3.895;26.5;0;0;NA
27.04.2022;20:15:00;1.089;1.937;0.936;1.494;0.624;1.232;0.365;1.066;0.222;0.981;0.116;0.889;0.068;0.871;0.043;0.858;26.319;25.23;27.167;26.285;25.349;26.843;26.208;25.583;26.816;26.21;25.844;26.91;26.286;26.064;27.045;26.326;26.21;27.1;26.358;26.29;27.161;26.332;26.289;27.147;7.6;62.295;0.043;4.004;38.8;24.81;103.5;NA
27.04.2022;20:30:00;1.047;1.944;0.905;1.494;0.604;1.234;0.355;1.063;0.217;0.978;0.116;0.892;0.069;0.867;0.04;0.86;26.36;25.312;27.257;26.334;25.429;26.923;26.251;25.647;26.882;26.249;25.893;26.956;26.312;26.095;27.074;26.345;26.228;27.12;26.372;26.302;27.17;26.339;26.299;27.159;7.6;62.295;0.043;4.04;44.6;24.78;104.4;NA
27.04.2022;20:45:00;0.998;1.945;0.873;1.495;0.587;1.236;0.344;1.067;0.211;0.983;0.117;0.892;0.067;0.866;0.044;0.863;26.4;25.402;27.347;26.378;25.504;27;26.293;25.705;26.942;26.282;25.937;27.005;26.338;26.126;27.11;26.367;26.249;27.142;26.388;26.32;27.187;26.352;26.308;27.172;7.6;62.295;0.043;4.04;45.6;24.75;104.7;NA
27.04.2022;21:00:00;0.953;1.94;0.839;1.494;0.566;1.234;0.333;1.063;0.208;0.979;0.114;0.887;0.068;0.868;0.043;0.856;26.45;25.497;27.437;26.423;25.584;27.079;26.333;25.766;27.001;26.314;25.981;27.044;26.366;26.158;27.138;26.387;26.273;27.16;26.404;26.335;27.204;26.365;26.322;27.179;7.6;62.295;0.043;4.077;46.2;24.68;105;NA
27.04.2022;21:15:00;0.916;1.943;0.811;1.489;0.549;1.231;0.323;1.062;0.204;0.978;0.113;0.891;0.069;0.871;0.04;0.861;26.51;25.593;27.536;26.478;25.666;27.156;26.378;25.828;27.059;26.35;26.026;27.089;26.395;26.19;27.169;26.407;26.294;27.186;26.42;26.35;27.222;26.375;26.335;27.196;7.6;62.295;0.043;4.077;46.6;24.68;105;NA
27.04.2022;21:30:00;0.868;1.936;0.775;1.492;0.53;1.234;0.311;1.063;0.202;0.979;0.112;0.887;0.067;0.869;0.042;0.86;26.556;25.687;27.624;26.526;25.751;27.243;26.425;25.894;27.129;26.387;26.076;27.139;26.426;26.224;27.204;26.432;26.32;27.208;26.436;26.368;27.238;26.389;26.347;27.207;7.6;62.295;0.043;4.113;46.4;24.64;105;NA
27.04.2022;21:45:00;0.821;1.927;0.736;1.484;0.506;1.228;0.295;1.058;0.191;0.977;0.107;0.893;0.073;0.876;0.036;0.859;26.592;25.771;27.698;26.567;25.831;27.315;26.466;25.959;27.188;26.426;26.13;27.188;26.453;26.262;27.24;26.453;26.345;27.238;26.456;26.382;27.259;26.401;26.365;27.224;7.6;62.295;0.043;4.113;46;24.64;105;NA
27.04.2022;22:00:00;0.78;1.92;0.702;1.475;0.483;1.222;0.284;1.056;0.182;0.983;0.103;0.892;0.067;0.876;0.04;0.864;26.622;25.841;27.762;26.604;25.901;27.376;26.503;26.02;27.243;26.462;26.177;27.234;26.479;26.296;27.279;26.478;26.374;27.266;26.472;26.405;27.282;26.417;26.376;27.241;7.6;62.295;0.043;4.149;45.8;24.61;105;NA
27.04.2022;22:15:00;0.765;1.918;0.685;1.474;0.47;1.225;0.273;1.056;0.179;0.977;0.102;0.895;0.064;0.873;0.038;0.863;26.657;25.891;27.81;26.642;25.957;27.432;26.539;26.068;27.293;26.494;26.22;27.277;26.512;26.332;27.31;26.503;26.4;27.295;26.491;26.427;27.3;26.433;26.394;27.257;7.6;62.295;0.043;4.149;45.5;24.59;103.2;NA
27.04.2022;22:30:00;0.735;1.912;0.664;1.475;0.455;1.223;0.262;1.052;0.177;0.981;0.098;0.895;0.055;0.874;0.038;0.864;26.677;25.941;27.853;26.666;26.001;27.477;26.565;26.109;27.332;26.52;26.258;27.31;26.539;26.361;27.343;26.523;26.425;27.32;26.505;26.45;27.324;26.449;26.41;27.274;7.6;62.295;0.043;4.18;45.1;24.61;100.8;NA
27.04.2022;22:45:00;0.715;1.912;0.642;1.47;0.442;1.222;0.255;1.057;0.171;0.984;0.095;0.892;0.058;0.872;0.04;0.867;26.695;25.979;27.891;26.687;26.045;27.515;26.59;26.148;27.37;26.544;26.288;27.345;26.559;26.387;27.372;26.544;26.449;27.342;26.527;26.469;27.342;26.464;26.423;27.291;7.6;62.295;0.043;4.186;44.5;24.62;97.8;NA
27.04.2022;23:00:00;0.681;1.906;0.614;1.464;0.429;1.223;0.248;1.055;0.165;0.984;0.096;0.898;0.057;0.874;0.034;0.863;26.69;26.009;27.915;26.692;26.078;27.543;26.606;26.177;27.4;26.566;26.317;27.373;26.577;26.412;27.396;26.562;26.466;27.364;26.542;26.485;27.359;26.477;26.442;27.305;7.6;62.295;0.043;4.186;43.3;24.62;92.7;NA
27.04.2022;23:15:00;0.654;1.9;0.593;1.461;0.414;1.219;0.243;1.061;0.162;0.984;0.093;0.898;0.057;0.879;0.034;0.866;26.677;26.022;27.922;26.693;26.1;27.561;26.617;26.202;27.421;26.578;26.335;27.397;26.592;26.43;27.414;26.58;26.487;27.385;26.554;26.497;27.376;26.486;26.452;27.318;7.6;62.295;0.043;4.186;42;24.64;86.7;NA
27.04.2022;23:30:00;0.639;1.9;0.579;1.463;0.399;1.214;0.233;1.057;0.153;0.985;0.088;0.899;0.055;0.876;0.032;0.864;26.667;26.028;27.928;26.689;26.109;27.573;26.618;26.219;27.433;26.586;26.352;27.409;26.6;26.446;27.432;26.588;26.5;27.399;26.568;26.512;27.388;26.497;26.464;27.329;7.6;62.295;0.043;4.186;40.9;24.65;82.5;NA
27.04.2022;23:45:00;0.613;1.887;0.56;1.458;0.39;1.216;0.227;1.059;0.149;0.984;0.082;0.898;0.054;0.88;0.033;0.868;26.654;26.041;27.928;26.681;26.121;27.58;26.615;26.225;27.441;26.587;26.359;27.418;26.607;26.458;27.443;26.592;26.509;27.408;26.574;26.519;27.4;26.506;26.472;27.341;7.6;62.295;0.043;4.186;42.7;24.65;97.2;NA
28.04.2022;00:00:00;0.587;1.879;0.544;1.453;0.375;1.212;0.213;1.052;0.147;0.987;0.085;0.902;0.051;0.877;0.031;0.869;26.639;26.052;27.932;26.675;26.131;27.584;26.609;26.233;27.446;26.585;26.371;27.423;26.608;26.461;27.448;26.598;26.512;27.415;26.579;26.528;27.405;26.509;26.477;27.346;7.6;62.295;0.043;4.186;42.2;24.63;94.5;NA
28.04.2022;00:15:00;0.577;1.876;0.525;1.446;0.362;1.209;0.208;1.051;0.141;0.984;0.078;0.896;0.052;0.879;0.03;0.87;26.636;26.059;27.935;26.668;26.142;27.589;26.605;26.242;27.452;26.584;26.375;27.427;26.608;26.467;27.452;26.597;26.518;27.415;26.581;26.528;27.407;26.512;26.481;27.351;7.6;62.295;0.043;4.186;41.8;24.67;90.6;NA
28.04.2022;00:30:00;0.565;1.876;0.517;1.447;0.355;1.209;0.205;1.053;0.139;0.986;0.077;0.898;0.047;0.875;0.024;0.867;26.614;26.049;27.925;26.655;26.137;27.585;26.599;26.243;27.453;26.581;26.376;27.429;26.607;26.467;27.454;26.598;26.521;27.419;26.581;26.533;27.408;26.509;26.485;27.352;7.6;62.295;0.043;4.155;38.7;24.67;31.5;NA
28.04.2022;00:45:00;0.559;1.88;0.515;1.451;0.354;1.209;0.198;1.053;0.133;0.987;0.072;0.9;0.044;0.879;0.025;0.87;26.596;26.036;27.917;26.643;26.128;27.579;26.589;26.235;27.445;26.571;26.372;27.426;26.6;26.466;27.454;26.592;26.52;27.421;26.578;26.533;27.413;26.51;26.484;27.355;7.6;62.295;0.043;4.149;31.9;24.6;31.8;NA
28.04.2022;01:00:00;0.548;1.876;0.501;1.448;0.343;1.208;0.193;1.051;0.132;0.987;0.076;0.9;0.047;0.882;0.028;0.872;26.582;26.034;27.91;26.626;26.125;27.573;26.576;26.233;27.441;26.562;26.368;27.42;26.593;26.461;27.448;26.59;26.514;27.414;26.575;26.528;27.41;26.509;26.48;27.353;7.6;62.295;0.043;4.149;31.2;24.61;32.099;NA
28.04.2022;01:15:00;0.546;1.881;0.499;1.45;0.341;1.213;0.19;1.054;0.128;0.987;0.072;0.904;0.043;0.881;0.027;0.872;26.554;26.007;27.888;26.607;26.108;27.558;26.561;26.219;27.432;26.548;26.358;27.413;26.585;26.456;27.443;26.583;26.511;27.415;26.57;26.526;27.407;26.502;26.475;27.347;7.6;62.295;0.043;4.149;31;24.57;32.099;NA
28.04.2022;01:30:00;0.543;1.883;0.497;1.45;0.341;1.212;0.19;1.055;0.129;0.987;0.07;0.906;0.043;0.886;0.027;0.874;26.525;25.982;27.865;26.584;26.086;27.536;26.543;26.201;27.414;26.533;26.343;27.398;26.572;26.442;27.43;26.57;26.5;27.406;26.557;26.513;27.399;26.496;26.468;27.343;7.6;62.295;0.043;4.124;30.7;24.54;32.099;NA
28.04.2022;01:45:00;0.536;1.879;0.49;1.448;0.34;1.212;0.185;1.053;0.128;0.986;0.071;0.904;0.041;0.883;0.024;0.871;26.493;25.957;27.837;26.554;26.063;27.511;26.52;26.179;27.392;26.513;26.327;27.38;26.555;26.427;27.414;26.559;26.487;27.392;26.546;26.505;27.388;26.484;26.46;27.331;7.6;62.295;0.043;4.113;30.6;24.57;32.099;NA
28.04.2022;02:00:00;0.534;1.882;0.488;1.447;0.339;1.212;0.186;1.054;0.13;0.988;0.069;0.901;0.045;0.884;0.026;0.871;26.459;25.925;27.807;26.526;26.038;27.486;26.496;26.156;27.369;26.491;26.305;27.359;26.538;26.408;27.396;26.543;26.473;27.375;26.536;26.49;27.374;26.472;26.446;27.317;7.6;62.295;0.043;4.113;30.3;24.54;32.099;NA
28.04.2022;02:15:00;0.523;1.88;0.485;1.449;0.332;1.209;0.183;1.054;0.127;0.989;0.07;0.903;0.042;0.882;0.023;0.874;26.415;25.891;27.771;26.489;26.004;27.454;26.463;26.13;27.339;26.466;26.282;27.336;26.516;26.389;27.378;26.523;26.453;27.357;26.517;26.474;27.357;26.454;26.431;27.306;7.6;62.295;0.043;4.113;30.3;24.57;32.099;NA
28.04.2022;02:30:00;0.52;1.88;0.477;1.448;0.331;1.214;0.182;1.054;0.124;0.988;0.069;0.906;0.039;0.881;0.026;0.874;26.377;25.857;27.738;26.453;25.975;27.423;26.431;26.099;27.314;26.437;26.255;27.309;26.491;26.366;27.355;26.503;26.433;27.339;26.498;26.458;27.34;26.44;26.413;27.288;7.6;62.295;0.043;4.113;30.2;24.5;32.4;NA
28.04.2022;02:45:00;0.503;1.873;0.471;1.445;0.328;1.21;0.18;1.058;0.124;0.987;0.071;0.91;0.041;0.884;0.025;0.873;26.338;25.834;27.708;26.418;25.947;27.392;26.4;26.072;27.283;26.407;26.226;27.285;26.465;26.341;27.328;26.477;26.405;27.315;26.476;26.435;27.32;26.42;26.394;27.268;7.6;62.295;0.043;4.113;30.2;24.54;32.099;NA
28.04.2022;03:00:00;0.496;1.871;0.463;1.443;0.318;1.206;0.178;1.053;0.125;0.986;0.068;0.905;0.043;0.886;0.02;0.873;26.311;25.814;27.685;26.389;25.925;27.369;26.368;26.05;27.256;26.379;26.201;27.255;26.439;26.314;27.3;26.454;26.385;27.29;26.456;26.412;27.299;26.396;26.375;27.249;7.6;62.295;0.043;4.111;29.7;24.54;32.4;NA
28.04.2022;03:15:00;0.494;1.867;0.461;1.439;0.314;1.201;0.172;1.05;0.119;0.987;0.063;0.902;0.04;0.883;0.024;0.874;26.287;25.793;27.66;26.364;25.902;27.342;26.342;26.027;27.229;26.351;26.178;27.228;26.41;26.291;27.279;26.427;26.363;27.265;26.43;26.389;27.273;26.375;26.351;27.225;7.6;62.295;0.043;4.077;30.2;24.5;32.099;NA
28.04.2022;03:30:00;0.489;1.866;0.451;1.435;0.314;1.2;0.172;1.051;0.121;0.987;0.063;0.902;0.038;0.878;0.025;0.875;26.259;25.77;27.636;26.334;25.882;27.317;26.316;26.002;27.203;26.326;26.153;27.204;26.386;26.264;27.252;26.4;26.337;27.239;26.405;26.367;27.245;26.352;26.327;27.202;7.6;62.295;0.043;4.077;29.8;24.54;32.4;NA
28.04.2022;03:45:00;0.479;1.865;0.451;1.435;0.313;1.202;0.171;1.051;0.122;0.987;0.064;0.906;0.038;0.88;0.029;0.879;26.215;25.736;27.601;26.302;25.851;27.287;26.288;25.975;27.178;26.297;26.125;27.177;26.36;26.237;27.225;26.375;26.31;27.217;26.38;26.341;27.222;26.329;26.299;27.179;7.6;62.295;0.043;4.077;29.8;24.5;32.4;NA
28.04.2022;04:00:00;0.479;1.863;0.452;1.435;0.311;1.203;0.174;1.055;0.12;0.988;0.063;0.903;0.04;0.885;0.023;0.874;26.176;25.697;27.56;26.266;25.813;27.248;26.252;25.941;27.144;26.268;26.094;27.149;26.33;26.209;27.198;26.349;26.285;27.188;26.354;26.313;27.199;26.302;26.279;27.154;7.6;62.295;0.043;4.077;29.7;24.5;32.099;NA
28.04.2022;04:15:00;0.485;1.867;0.453;1.437;0.308;1.204;0.171;1.056;0.117;0.984;0.064;0.905;0.04;0.881;0.025;0.874;26.147;25.662;27.53;26.232;25.779;27.216;26.216;25.908;27.112;26.235;26.063;27.119;26.3;26.182;27.167;26.32;26.256;27.161;26.328;26.287;27.169;26.276;26.25;27.125;7.6;62.295;0.043;4.077;29.8;24.47;32.099;NA
28.04.2022;04:30:00;0.479;1.863;0.455;1.438;0.312;1.203;0.172;1.052;0.121;0.987;0.06;0.902;0.041;0.888;0.021;0.875;26.108;25.629;27.492;26.197;25.741;27.18;26.187;25.874;27.078;26.203;26.031;27.083;26.27;26.148;27.136;26.288;26.227;27.13;26.299;26.258;27.146;26.247;26.225;27.101;7.6;62.295;0.043;4.077;29.7;24.47;32.099;NA
28.04.2022;04:45:00;0.487;1.866;0.453;1.436;0.312;1.202;0.168;1.049;0.119;0.988;0.064;0.904;0.042;0.883;0.025;0.874;26.075;25.587;27.454;26.161;25.708;27.145;26.151;25.838;27.041;26.165;25.997;27.046;26.237;26.117;27.106;26.259;26.195;27.099;26.27;26.227;27.111;26.22;26.195;27.069;7.6;62.295;0.043;4.077;29.9;24.47;32.4;NA
28.04.2022;05:00:00;0.488;1.87;0.452;1.437;0.313;1.206;0.175;1.055;0.122;0.989;0.064;0.905;0.04;0.885;0.023;0.876;26.029;25.54;27.411;26.121;25.669;27.106;26.116;25.802;27.009;26.135;25.959;27.015;26.204;26.082;27.071;26.227;26.163;27.069;26.239;26.198;27.084;26.188;26.165;27.042;7.6;62.295;0.043;4.058;29.8;24.4;32.4;NA
28.04.2022;05:15:00;0.476;1.862;0.446;1.436;0.305;1.201;0.173;1.054;0.12;0.987;0.071;0.912;0.041;0.888;0.028;0.876;25.983;25.507;27.369;26.077;25.63;27.067;26.073;25.768;26.969;26.098;25.925;26.979;26.17;26.049;27.037;26.198;26.126;27.039;26.207;26.166;27.054;26.162;26.133;27.01;7.6;62.295;0.043;4.04;29.7;24.39;32.099;NA
28.04.2022;05:30:00;0.466;1.857;0.437;1.429;0.305;1.206;0.175;1.055;0.119;0.988;0.067;0.91;0.041;0.883;0.024;0.872;25.942;25.475;27.333;26.035;25.597;27.026;26.033;25.728;26.935;26.062;25.887;26.942;26.132;26.012;27.001;26.163;26.095;27.005;26.174;26.133;27.017;26.129;26.104;26.976;7.6;62.295;0.043;4.04;29.5;24.39;32.099;NA
28.04.2022;05:45:00;0.469;1.859;0.437;1.434;0.303;1.206;0.173;1.058;0.123;0.99;0.065;0.909;0.042;0.883;0.027;0.873;25.896;25.426;27.286;25.992;25.555;26.99;25.995;25.692;26.898;26.023;25.85;26.908;26.098;25.975;26.966;26.126;26.061;26.97;26.142;26.1;26.983;26.096;26.069;26.942;7.6;62.295;0.043;4.04;29.6;24.39;32.099;NA
28.04.2022;06:00:00;0.463;1.855;0.431;1.43;0.306;1.207;0.173;1.059;0.119;0.99;0.066;0.914;0.042;0.886;0.025;0.875;25.856;25.392;27.248;25.951;25.52;26.95;25.957;25.65;26.857;25.985;25.812;26.871;26.058;25.938;26.929;26.088;26.021;26.936;26.106;26.064;26.951;26.062;26.036;26.912;7.6;62.295;0.043;4.04;29.4;24.36;32.099;NA
28.04.2022;06:15:00;0.468;1.856;0.433;1.433;0.304;1.203;0.176;1.061;0.124;0.995;0.064;0.91;0.042;0.885;0.027;0.879;25.817;25.348;27.205;25.911;25.477;26.911;25.917;25.613;26.817;25.948;25.772;26.834;26.022;25.898;26.893;26.052;25.988;26.898;26.071;26.028;26.914;26.027;26;26.879;7.6;62.295;0.043;4.04;29.4;24.39;32.099;NA
28.04.2022;06:30:00;0.465;1.857;0.434;1.437;0.302;1.206;0.174;1.058;0.118;0.995;0.068;0.918;0.041;0.886;0.028;0.879;25.771;25.305;27.163;25.868;25.434;26.872;25.876;25.574;26.78;25.909;25.735;26.793;25.981;25.863;26.859;26.016;25.947;26.865;26.033;25.992;26.878;25.993;25.964;26.844;7.6;62.295;0.043;4.04;29.4;24.36;32.099;NA
28.04.2022;06:45:00;0.465;1.856;0.431;1.431;0.299;1.202;0.171;1.058;0.119;0.994;0.067;0.915;0.04;0.89;0.028;0.877;25.737;25.271;27.128;25.832;25.4;26.832;25.835;25.535;26.738;25.869;25.698;26.757;25.944;25.824;26.819;25.979;25.911;26.827;25.995;25.954;26.845;25.958;25.93;26.808;7.6;62.295;0.043;4.04;29.5;24.4;32.4;NA
28.04.2022;07:00:00;0.46;1.853;0.431;1.434;0.299;1.204;0.17;1.057;0.118;0.992;0.069;0.916;0.043;0.893;0.027;0.882;25.703;25.242;27.096;25.796;25.364;26.798;25.8;25.5;26.705;25.83;25.66;26.717;25.906;25.788;26.78;25.941;25.872;26.788;25.96;25.916;26.809;25.918;25.891;26.774;7.6;62.295;0.043;4.037;29.3;24.32;32.099;NA
28.04.2022;07:15:00;0.464;1.859;0.432;1.434;0.3;1.202;0.173;1.059;0.123;1;0.067;0.913;0.043;0.891;0.031;0.883;25.662;25.197;27.056;25.76;25.328;26.763;25.763;25.463;26.666;25.793;25.62;26.68;25.868;25.745;26.745;25.905;25.837;26.75;25.924;25.88;26.771;25.885;25.854;26.738;7.6;62.295;0.043;4.077;28.9;24.25;32.099;NA
28.04.2022;07:30:00;0.461;1.859;0.429;1.431;0.299;1.202;0.169;1.056;0.118;0.996;0.068;0.917;0.047;0.893;0.032;0.882;25.617;25.155;27.015;25.716;25.286;26.718;25.723;25.424;26.627;25.754;25.584;26.641;25.83;25.711;26.707;25.866;25.798;26.715;25.889;25.841;26.734;25.847;25.815;26.697;7.6;62.295;0.043;4.077;29.4;24.22;32.4;NA
28.04.2022;07:45:00;0.451;1.852;0.422;1.431;0.297;1.205;0.167;1.056;0.113;0.99;0.068;0.914;0.046;0.894;0.031;0.882;25.577;25.125;26.978;25.673;25.25;26.682;25.681;25.384;26.589;25.712;25.544;26.601;25.789;25.676;26.666;25.829;25.761;26.675;25.85;25.804;26.698;25.811;25.779;26.662;7.6;62.295;0.043;4.113;29.6;24.29;32.7;NA
28.04.2022;08:00:00;0.438;1.841;0.415;1.426;0.287;1.193;0.165;1.058;0.116;0.99;0.069;0.912;0.049;0.895;0.031;0.883;25.56;25.122;26.963;25.643;25.227;26.654;25.643;25.355;26.549;25.674;25.508;26.567;25.752;25.636;26.627;25.792;25.723;26.635;25.811;25.762;26.658;25.772;25.74;26.624;7.6;62.295;0.043;4.113;30;24.25;32.4;NA
28.04.2022;08:15:00;0.4;1.817;0.377;1.403;0.264;1.185;0.151;1.048;0.109;0.99;0.061;0.913;0.046;0.89;0.034;0.884;25.561;25.161;26.978;25.621;25.244;26.648;25.611;25.347;26.532;25.639;25.488;26.537;25.714;25.605;26.595;25.749;25.687;26.6;25.775;25.729;26.619;25.736;25.701;26.585;7.6;62.295;0.043;4.113;30.5;24.26;32.7;NA
28.04.2022;08:30:00;0.401;1.804;0.372;1.392;0.262;1.178;0.147;1.045;0.107;0.985;0.061;0.908;0.045;0.892;0.03;0.881;25.615;25.214;27.018;25.644;25.271;26.664;25.61;25.348;26.526;25.621;25.473;26.519;25.687;25.579;26.565;25.719;25.657;26.565;25.737;25.691;26.584;25.697;25.667;26.548;7.6;62.295;0.043;4.149;30.6;24.25;32.4;NA
28.04.2022;08:45:00;0.426;1.801;0.393;1.39;0.27;1.179;0.154;1.043;0.11;0.985;0.064;0.907;0.037;0.888;0.03;0.882;25.711;25.285;27.086;25.701;25.307;26.698;25.629;25.359;26.538;25.622;25.468;26.511;25.674;25.563;26.548;25.693;25.629;26.537;25.703;25.666;26.554;25.661;25.631;26.513;7.6;62.295;0.043;4.149;31;24.22;32.4;NA
28.04.2022;09:00:00;0.515;1.835;0.467;1.419;0.322;1.195;0.179;1.049;0.119;0.983;0.065;0.906;0.04;0.883;0.027;0.88;25.833;25.318;27.153;25.793;25.325;26.745;25.69;25.368;26.563;25.65;25.47;26.519;25.674;25.555;26.538;25.679;25.613;26.52;25.68;25.64;26.524;25.629;25.602;26.482;7.6;62.295;0.043;4.149;31.3;24.22;32.7;NA
28.04.2022;09:15:00;0.597;1.868;0.541;1.443;0.375;1.213;0.211;1.055;0.141;0.99;0.074;0.907;0.046;0.886;0.032;0.88;25.931;25.333;27.201;25.88;25.338;26.782;25.751;25.375;26.589;25.688;25.477;26.533;25.691;25.55;26.54;25.677;25.602;26.509;25.666;25.619;26.506;25.61;25.577;26.457;7.6;62.295;0.043;4.149;31.3;24.22;32.099;NA
28.04.2022;09:30:00;0.688;1.894;0.618;1.467;0.427;1.226;0.243;1.061;0.159;0.993;0.085;0.909;0.049;0.889;0.033;0.877;26.044;25.356;27.25;25.967;25.349;26.816;25.813;25.386;26.613;25.73;25.486;26.547;25.715;25.556;26.549;25.684;25.599;26.509;25.655;25.606;26.495;25.591;25.558;26.436;7.6;62.295;0.043;4.149;31.4;24.14;31.5;NA
28.04.2022;09:45:00;0.828;1.938;0.737;1.507;0.504;1.252;0.299;1.088;0.183;1;0.096;0.911;0.053;0.885;0.034;0.878;26.192;25.364;27.302;26.077;25.34;26.847;25.889;25.384;26.637;25.784;25.484;26.572;25.743;25.56;26.561;25.696;25.6;26.511;25.655;25.602;26.487;25.58;25.546;26.424;7.6;62.295;0.043;4.186;31.7;24.14;31.5;NA
28.04.2022;10:00:00;1.182;2.044;1.038;1.595;0.723;1.323;0.442;1.133;0.253;1.024;0.13;0.92;0.068;0.891;0.037;0.873;26.443;25.261;27.306;26.258;25.22;26.815;26.009;25.285;26.608;25.87;25.427;26.561;25.793;25.54;26.564;25.725;25.594;26.515;25.666;25.597;26.489;25.578;25.54;26.414;7.6;62.295;0.043;4.186;32;24.21;30.9;NA
28.04.2022;10:15:00;1.474;2.092;1.243;1.618;0.854;1.346;0.521;1.154;0.301;1.037;0.156;0.928;0.086;0.89;0.042;0.873;26.816;25.341;27.434;26.453;25.209;26.828;26.106;25.251;26.598;25.926;25.404;26.559;25.833;25.531;26.569;25.749;25.593;26.521;25.678;25.592;26.483;25.579;25.537;26.411;7.6;62.295;0.043;4.186;33;24.17;30.9;NA
28.04.2022;10:30:00;1.516;2.094;1.313;1.627;0.918;1.35;0.573;1.158;0.338;1.044;0.186;0.937;0.103;0.898;0.056;0.878;26.758;25.241;27.336;26.487;25.174;26.801;26.18;25.262;26.613;25.998;25.425;26.584;25.887;25.548;26.593;25.786;25.6;26.537;25.701;25.597;26.496;25.591;25.534;26.413;7.6;62.295;0.043;4.186;33;24.17;30.9;NA
28.04.2022;10:45:00;1.604;2.022;1.389;1.585;0.994;1.348;0.636;1.165;0.381;1.054;0.216;0.945;0.123;0.905;0.072;0.885;26.646;25.042;27.064;26.405;25.016;26.601;26.158;25.164;26.512;26.019;25.382;26.547;25.93;25.549;26.603;25.83;25.614;26.559;25.733;25.609;26.514;25.613;25.54;26.426;7.6;62.295;0.043;4.186;33;24.21;30.6;NA
28.04.2022;11:00:00;1.518;1.928;1.323;1.511;0.961;1.306;0.63;1.151;0.396;1.057;0.231;0.947;0.137;0.907;0.083;0.889;26.393;24.875;26.803;26.208;24.885;26.397;26.04;25.078;26.384;25.969;25.338;26.49;25.928;25.531;26.589;25.851;25.619;26.567;25.76;25.622;26.53;25.634;25.551;26.44;7.6;62.295;0.043;4.186;33;24.17;30.9;NA
28.04.2022;11:15:00;1.451;1.885;1.255;1.477;0.911;1.284;0.595;1.133;0.382;1.044;0.234;0.947;0.146;0.913;0.093;0.893;26.328;24.877;26.763;26.125;24.869;26.347;25.967;25.055;26.34;25.921;25.326;26.46;25.913;25.53;26.574;25.858;25.624;26.571;25.78;25.634;26.547;25.656;25.563;26.457;7.6;62.295;0.043;4.186;33.1;24.17;30.6;NA
28.04.2022;11:30:00;1.462;1.818;1.264;1.436;0.916;1.262;0.6;1.127;0.38;1.04;0.232;0.946;0.148;0.916;0.104;0.896;26.345;24.882;26.701;26.122;24.857;26.294;25.957;25.041;26.304;25.913;25.313;26.44;25.911;25.53;26.571;25.866;25.633;26.579;25.793;25.644;26.561;25.678;25.574;26.471;7.6;62.295;0.043;4.149;29.5;0;0;NA
28.04.2022;11:45:00;1.387;1.678;1.208;1.331;0.913;1.215;0.614;1.108;0.389;1.038;0.242;0.951;0.152;0.912;0.106;0.896;26.279;24.891;26.57;26.031;24.822;26.154;25.893;24.98;26.196;25.882;25.268;26.376;25.903;25.513;26.552;25.873;25.63;26.582;25.812;25.659;26.572;25.7;25.593;26.49;7.6;62.295;0.043;4.144;29.3;0;0;NA
28.04.2022;12:00:00;1.322;1.601;1.152;1.277;0.871;1.179;0.583;1.086;0.378;1.025;0.227;0.939;0.15;0.909;0.106;0.896;26.297;24.975;26.576;26.025;24.872;26.149;25.871;25;26.179;25.858;25.275;26.362;25.893;25.514;26.54;25.87;25.642;26.582;25.823;25.673;26.583;25.716;25.609;26.505;7.6;62.295;0.043;4.118;29.5;0;0;NA
28.04.2022;12:15:00;1.27;1.553;1.105;1.232;0.84;1.151;0.57;1.068;0.365;1.015;0.225;0.934;0.149;0.908;0.108;0.894;26.302;25.032;26.585;26.043;24.938;26.171;25.887;25.046;26.198;25.875;25.305;26.373;25.905;25.539;26.555;25.886;25.661;26.595;25.84;25.691;26.599;25.737;25.628;26.523;7.6;62.295;0.043;4.113;29.2;0;0;NA
28.04.2022;12:30:00;1.245;1.5;1.077;1.195;0.818;1.119;0.555;1.053;0.356;1.005;0.219;0.926;0.15;0.909;0.106;0.893;26.364;25.118;26.619;26.085;25.008;26.203;25.922;25.103;26.223;25.904;25.348;26.402;25.932;25.576;26.582;25.912;25.693;26.62;25.865;25.714;26.624;25.761;25.654;26.548;7.6;62.295;0.043;4.113;29.1;0;0;NA
28.04.2022;12:45:00;1.222;1.475;1.052;1.174;0.8;1.107;0.537;1.042;0.341;0.995;0.21;0.915;0.139;0.9;0.104;0.889;26.426;25.203;26.679;26.15;25.098;26.272;25.982;25.181;26.289;25.952;25.414;26.457;25.969;25.628;26.623;25.946;25.735;26.651;25.896;25.756;26.656;25.793;25.689;26.579;7.6;62.295;0.043;4.113;29.1;0;0;NA
28.04.2022;13:00:00;1.2;1.437;1.027;1.143;0.779;1.087;0.524;1.028;0.333;0.987;0.203;0.915;0.134;0.897;0.1;0.887;26.509;25.309;26.747;26.217;25.189;26.333;26.042;25.262;26.349;26.008;25.484;26.512;26.022;25.688;26.675;25.991;25.787;26.703;25.935;25.8;26.697;25.829;25.728;26.616;7.6;62.295;0.043;4.094;29.6;0;0;NA
28.04.2022;13:15:00;1.187;1.43;1.018;1.137;0.769;1.083;0.508;1.016;0.325;0.98;0.19;0.905;0.13;0.891;0.097;0.885;26.623;25.436;26.866;26.325;25.306;26.444;26.13;25.36;26.444;26.08;25.572;26.588;26.084;25.759;26.74;26.039;25.849;26.754;25.98;25.85;26.742;25.872;25.774;26.659;7.6;62.295;0.043;4.077;29.6;0;0;NA
28.04.2022;13:30:00;1.174;1.411;1.009;1.128;0.762;1.075;0.504;1.013;0.322;0.977;0.189;0.904;0.122;0.888;0.089;0.88;26.735;25.561;26.973;26.429;25.419;26.548;26.227;25.465;26.54;26.164;25.66;26.673;26.156;25.833;26.811;26.104;25.915;26.82;26.033;25.911;26.799;25.919;25.83;26.71;7.6;62.295;0.043;4.077;29.7;0;0;NA
28.04.2022;13:45:00;1.225;1.412;1.016;1.123;0.76;1.071;0.506;1.013;0.315;0.969;0.184;0.898;0.121;0.884;0.081;0.874;26.867;25.641;27.053;26.538;25.521;26.645;26.326;25.566;26.637;26.257;25.75;26.763;26.234;25.918;26.888;26.174;25.991;26.889;26.096;25.975;26.859;25.974;25.892;26.766;7.6;62.295;0.043;4.077;31.5;5;100;NA
28.04.2022;14:00:00;1.217;1.407;1.007;1.115;0.747;1.059;0.496;1.004;0.311;0.963;0.178;0.893;0.114;0.877;0.076;0.869;26.978;25.76;27.168;26.647;25.639;26.754;26.423;25.676;26.735;26.347;25.85;26.854;26.318;26.006;26.969;26.246;26.067;26.961;26.162;26.047;26.924;26.034;25.957;26.826;7.6;62.295;0.043;4.077;30.2;0;0;NA
28.04.2022;14:15:00;1.205;1.382;1.005;1.102;0.75;1.057;0.493;0.998;0.307;0.957;0.169;0.885;0.113;0.875;0.072;0.864;27.082;25.876;27.259;26.766;25.761;26.863;26.542;25.791;26.848;26.454;25.96;26.958;26.409;26.102;27.059;26.327;26.157;27.042;26.236;26.123;26.998;26.102;26.029;26.894;7.6;62.295;0.043;4.058;30;0;0;NA
28.04.2022;14:30:00;1.161;1.371;0.982;1.091;0.742;1.048;0.487;0.989;0.301;0.954;0.173;0.877;0.11;0.867;0.065;0.856;27.192;26.031;27.403;26.882;25.9;26.991;26.652;25.909;26.958;26.558;26.07;27.06;26.505;26.203;27.157;26.419;26.245;27.123;26.317;26.207;27.075;26.175;26.109;26.966;7.6;62.295;0.043;4.04;29.9;0;0;NA
28.04.2022;14:45:00;1.169;1.365;0.986;1.083;0.746;1.041;0.492;0.984;0.301;0.948;0.166;0.876;0.103;0.864;0.067;0.856;27.307;26.137;27.502;27.003;26.016;27.1;26.776;26.029;27.07;26.674;26.182;27.166;26.609;26.308;27.256;26.512;26.345;27.222;26.4;26.297;27.162;26.257;26.19;27.047;7.6;62.295;0.043;4.04;29.9;0;0;NA
28.04.2022;15:00:00;1.168;1.374;0.978;1.081;0.739;1.044;0.483;0.981;0.298;0.948;0.162;0.875;0.1;0.858;0.058;0.849;27.35;26.182;27.557;27.069;26.091;27.172;26.86;26.12;27.164;26.768;26.285;27.266;26.705;26.407;27.355;26.603;26.441;27.317;26.491;26.391;27.249;26.34;26.281;27.131;7.6;62.295;0.043;4.04;30.2;0;0;NA
28.04.2022;15:15:00;1.156;1.377;0.972;1.084;0.73;1.042;0.471;0.979;0.292;0.947;0.16;0.872;0.099;0.859;0.06;0.85;27.407;26.25;27.628;27.138;26.166;27.251;26.942;26.212;27.254;26.854;26.383;27.363;26.795;26.503;27.45;26.694;26.534;27.406;26.58;26.481;27.341;26.429;26.368;27.219;7.6;62.295;0.043;4.04;29.8;0;0;NA
28.04.2022;15:30:00;1.161;1.379;0.976;1.094;0.717;1.042;0.461;0.979;0.28;0.945;0.155;0.87;0.093;0.857;0.049;0.847;27.486;26.324;27.703;27.225;26.249;27.343;27.023;26.306;27.348;26.937;26.475;27.454;26.877;26.597;27.542;26.783;26.627;27.497;26.667;26.573;27.431;26.508;26.458;27.306;7.6;62.295;0.043;4.021;30;0;0;NA
28.04.2022;15:45:00;1.159;1.393;0.971;1.097;0.719;1.046;0.456;0.982;0.275;0.941;0.149;0.865;0.09;0.859;0.056;0.848;27.606;26.446;27.84;27.336;26.365;27.462;27.124;26.405;27.452;27.026;26.569;27.552;26.966;26.691;27.633;26.867;26.717;27.583;26.751;26.661;27.52;26.603;26.546;27.395;7.6;62.295;0.043;4.004;29.8;0;0;NA
28.04.2022;16:00:00;1.138;1.38;0.972;1.1;0.708;1.048;0.447;0.978;0.27;0.938;0.146;0.87;0.086;0.857;0.048;0.845;27.717;26.578;27.958;27.456;26.483;27.584;27.231;26.522;27.571;27.126;26.678;27.656;27.058;26.787;27.725;26.953;26.807;27.678;26.837;26.751;27.608;26.687;26.638;27.484;7.6;62.295;0.043;4.004;30.3;0;0;NA
28.04.2022;16:15:00;1.147;1.404;0.974;1.112;0.709;1.049;0.448;0.979;0.267;0.933;0.144;0.866;0.082;0.854;0.048;0.845;27.861;26.713;28.117;27.591;26.616;27.728;27.355;26.646;27.695;27.237;26.789;27.768;27.159;26.891;27.825;27.049;26.904;27.771;26.926;26.843;27.698;26.774;26.725;27.571;7.6;62.295;0.043;4.004;30.2;0;0;NA
28.04.2022;16:30:00;1.146;1.412;0.976;1.123;0.703;1.052;0.44;0.976;0.265;0.934;0.138;0.86;0.078;0.849;0.045;0.84;27.946;26.8;28.212;27.703;26.727;27.85;27.475;26.772;27.824;27.353;26.912;27.889;27.266;27;27.934;27.147;27.008;27.868;27.018;26.939;27.788;26.864;26.818;27.659;7.6;62.295;0.043;4.004;29.8;0;0;NA
28.04.2022;16:45:00;1.173;1.455;0.986;1.142;0.703;1.059;0.431;0.97;0.258;0.926;0.135;0.856;0.079;0.849;0.038;0.84;28.044;26.87;28.325;27.811;26.825;27.967;27.586;26.883;27.942;27.461;27.03;28.001;27.373;27.114;28.041;27.247;27.112;27.969;27.116;27.037;27.886;26.953;26.914;27.755;7.6;62.295;0.043;3.987;29.9;0;0;NA
28.04.2022;17:00:00;1.166;1.471;0.989;1.154;0.701;1.058;0.427;0.971;0.253;0.924;0.13;0.851;0.078;0.845;0.034;0.833;28.09;26.924;28.396;27.886;26.897;28.052;27.68;26.979;28.038;27.56;27.132;28.104;27.472;27.218;28.142;27.347;27.217;28.068;27.213;27.135;27.98;27.05;27.016;27.85;7.6;62.295;0.043;3.967;29.7;0;0;NA
28.04.2022;17:15:00;1.194;1.508;0.997;1.168;0.7;1.068;0.421;0.969;0.248;0.927;0.128;0.848;0.071;0.84;0.033;0.83;28.129;26.935;28.443;27.937;26.939;28.108;27.747;27.047;28.115;27.641;27.22;28.19;27.561;27.313;28.24;27.442;27.314;28.162;27.312;27.24;28.08;27.147;27.113;27.943;7.6;62.295;0.043;3.967;29.5;0;0;NA
28.04.2022;17:30:00;1.177;1.516;0.995;1.182;0.693;1.074;0.415;0.978;0.245;0.926;0.127;0.851;0.07;0.841;0.032;0.828;28.148;26.971;28.487;27.976;26.98;28.162;27.803;27.109;28.183;27.707;27.292;28.271;27.641;27.396;28.323;27.531;27.403;28.254;27.403;27.332;28.173;27.243;27.21;28.039;7.6;62.295;0.043;3.967;29.4;0;0;NA
28.04.2022;17:45:00;1.212;1.571;1.002;1.209;0.689;1.084;0.411;0.979;0.243;0.933;0.125;0.851;0.066;0.839;0.029;0.828;28.169;26.957;28.528;28.014;27.011;28.221;27.852;27.162;28.247;27.77;27.358;28.337;27.712;27.468;28.402;27.61;27.485;28.336;27.488;27.421;28.26;27.331;27.302;28.13;7.6;62.295;0.043;3.967;29.3;0;0;NA
28.04.2022;18:00:00;1.22;1.598;1.006;1.226;0.688;1.093;0.409;0.986;0.24;0.934;0.125;0.854;0.071;0.844;0.033;0.831;28.195;26.974;28.572;28.052;27.045;28.271;27.898;27.21;28.303;27.824;27.414;28.401;27.776;27.535;28.47;27.683;27.558;28.412;27.571;27.5;28.344;27.421;27.388;28.219;7.6;62.295;0.043;3.953;29.1;0;0;NA
28.04.2022;18:15:00;1.217;1.627;1.011;1.245;0.689;1.101;0.407;0.992;0.239;0.939;0.12;0.855;0.069;0.845;0.033;0.834;28.188;26.97;28.598;28.075;27.064;28.309;27.936;27.246;28.347;27.871;27.464;28.456;27.832;27.592;28.531;27.749;27.628;28.484;27.645;27.575;28.421;27.502;27.469;28.303;7.6;62.295;0.043;3.935;28.9;0;0;NA
28.04.2022;18:30:00;1.236;1.665;1.016;1.266;0.685;1.113;0.404;0.997;0.236;0.94;0.124;0.86;0.066;0.845;0.028;0.835;28.177;26.941;28.606;28.082;27.065;28.331;27.956;27.27;28.383;27.906;27.501;28.499;27.884;27.648;28.588;27.81;27.686;28.547;27.714;27.648;28.493;27.574;27.546;28.381;7.6;62.295;0.043;3.931;28.9;0;0;NA
28.04.2022;18:45:00;1.233;1.709;1.015;1.294;0.683;1.126;0.401;1.004;0.233;0.94;0.122;0.862;0.062;0.847;0.031;0.836;28.148;26.914;28.624;28.081;27.066;28.36;27.976;27.293;28.419;27.937;27.535;28.539;27.925;27.691;28.632;27.864;27.742;28.604;27.776;27.714;28.561;27.648;27.617;28.454;7.6;62.295;0.043;3.931;28.5;0;0;NA
28.04.2022;19:00:00;1.239;1.753;1.016;1.324;0.672;1.135;0.393;1.007;0.228;0.946;0.117;0.864;0.061;0.846;0.03;0.838;28.139;26.899;28.653;28.087;27.07;28.395;27.989;27.317;28.452;27.96;27.567;28.575;27.959;27.73;28.677;27.911;27.793;28.657;27.834;27.773;28.62;27.715;27.684;28.522;7.6;62.295;0.043;3.982;32.9;25.5;100.8;NA
28.04.2022;19:15:00;1.222;1.78;1.007;1.348;0.668;1.15;0.385;1.01;0.224;0.944;0.111;0.86;0.064;0.847;0.031;0.841;28.131;26.909;28.69;28.092;27.085;28.433;28.003;27.335;28.485;27.98;27.595;28.606;27.989;27.764;28.709;27.948;27.836;28.697;27.887;27.822;28.67;27.773;27.742;28.584;7.6;62.295;0.043;4.04;45.4;25.37;102;NA
28.04.2022;19:30:00;1.187;1.811;0.987;1.373;0.652;1.159;0.378;1.016;0.223;0.946;0.115;0.867;0.067;0.853;0.035;0.839;28.126;26.939;28.75;28.102;27.115;28.488;28.019;27.366;28.525;28.001;27.622;28.639;28.019;27.796;28.742;27.986;27.87;28.738;27.931;27.863;28.716;27.828;27.792;28.632;7.6;62.295;0.043;4.077;46.9;25.3;102.3;NA
28.04.2022;19:45:00;1.168;1.865;0.967;1.399;0.634;1.172;0.367;1.02;0.216;0.948;0.11;0.871;0.063;0.847;0.033;0.844;28.121;26.953;28.818;28.114;27.146;28.546;28.032;27.398;28.571;28.02;27.653;28.673;28.042;27.826;28.775;28.015;27.904;28.776;27.972;27.909;28.756;27.875;27.841;28.686;7.6;62.295;0.043;4.077;47;25.26;102.6;NA
28.04.2022;20:00:00;1.115;1.87;0.938;1.422;0.615;1.182;0.353;1.022;0.211;0.952;0.109;0.872;0.058;0.85;0.031;0.84;28.123;27.008;28.878;28.125;27.187;28.609;28.051;27.435;28.617;28.039;27.686;28.708;28.066;27.855;28.807;28.046;27.936;28.809;28.006;27.948;28.798;27.919;27.888;28.728;7.6;62.295;0.043;4.113;46.9;25.23;102.6;NA
28.04.2022;20:15:00;1.086;1.903;0.917;1.442;0.6;1.189;0.346;1.029;0.208;0.957;0.104;0.871;0.061;0.853;0.029;0.844;28.126;27.04;28.944;28.14;27.223;28.666;28.067;27.467;28.656;28.057;27.711;28.74;28.086;27.877;28.835;28.072;27.967;28.839;28.043;27.981;28.835;27.958;27.929;28.773;7.6;62.295;0.043;4.113;46.9;25.19;102.9;NA
28.04.2022;20:30:00;1.067;1.925;0.89;1.456;0.584;1.2;0.333;1.036;0.204;0.962;0.103;0.872;0.053;0.85;0.025;0.841;28.128;27.061;28.987;28.147;27.256;28.712;28.079;27.494;28.695;28.068;27.734;28.77;28.105;27.901;28.863;28.097;27.994;28.866;28.071;28.017;28.867;27.99;27.965;28.807;7.6;62.295;0.043;4.149;46.5;25.16;102.6;NA
28.04.2022;20:45:00;1.029;1.927;0.872;1.462;0.572;1.202;0.327;1.039;0.201;0.964;0.103;0.876;0.056;0.854;0.025;0.843;28.131;27.102;29.029;28.16;27.287;28.75;28.094;27.522;28.724;28.083;27.755;28.794;28.122;27.921;28.886;28.118;28.014;28.89;28.1;28.043;28.897;28.025;27.999;28.843;7.6;62.295;0.043;4.149;46;25.14;100.5;NA
28.04.2022;21:00:00;0.984;1.919;0.85;1.465;0.557;1.203;0.315;1.043;0.198;0.966;0.097;0.875;0.057;0.854;0.028;0.848;28.145;27.16;29.08;28.173;27.323;28.789;28.105;27.547;28.751;28.089;27.774;28.818;28.138;27.939;28.906;28.135;28.038;28.914;28.124;28.067;28.921;28.052;28.024;28.872;7.6;62.295;0.043;4.184;45.5;25.19;98.1;NA
28.04.2022;21:15:00;0.974;1.935;0.834;1.474;0.547;1.209;0.313;1.045;0.193;0.966;0.098;0.875;0.056;0.856;0.028;0.846;28.159;27.184;29.12;28.187;27.352;28.827;28.119;27.572;28.781;28.106;27.792;28.837;28.153;27.959;28.925;28.154;28.055;28.931;28.145;28.089;28.945;28.079;28.05;28.897;7.6;62.295;0.043;4.186;45;25.21;95.4;NA
28.04.2022;21:30:00;0.943;1.931;0.811;1.469;0.536;1.212;0.308;1.046;0.193;0.967;0.098;0.879;0.047;0.852;0.024;0.843;28.165;27.221;29.153;28.198;27.387;28.857;28.132;27.596;28.809;28.121;27.812;28.859;28.168;27.975;28.943;28.169;28.071;28.95;28.16;28.112;28.965;28.1;28.075;28.919;7.6;62.295;0.043;4.186;44.2;25.2;90;NA
28.04.2022;21:45:00;0.915;1.929;0.787;1.47;0.524;1.21;0.3;1.047;0.189;0.966;0.094;0.878;0.052;0.855;0.024;0.844;28.182;27.266;29.195;28.211;27.423;28.894;28.147;27.622;28.832;28.132;27.832;28.879;28.182;27.993;28.959;28.183;28.088;28.967;28.179;28.126;28.982;28.122;28.097;28.942;7.6;62.295;0.043;4.186;43.1;25.19;83.7;NA
28.04.2022;22:00:00;0.886;1.921;0.771;1.465;0.511;1.209;0.295;1.052;0.185;0.968;0.093;0.88;0.053;0.858;0.029;0.851;28.203;27.316;29.237;28.231;27.459;28.925;28.161;27.649;28.858;28.146;27.85;28.902;28.194;28.009;28.977;28.198;28.105;28.986;28.196;28.143;29.001;28.139;28.11;28.962;7.6;62.295;0.043;4.186;42.2;25.19;79.8;NA
28.04.2022;22:15:00;0.872;1.922;0.762;1.47;0.506;1.214;0.286;1.045;0.18;0.966;0.089;0.879;0.05;0.859;0.024;0.846;28.219;27.346;29.269;28.251;27.489;28.959;28.179;27.672;28.887;28.16;27.873;28.919;28.205;28.024;28.991;28.209;28.12;28.999;28.209;28.159;29.018;28.154;28.129;28.976;7.6;62.295;0.043;4.186;44.1;25.2;94.5;NA
28.04.2022;22:30:00;0.87;1.936;0.756;1.475;0.498;1.212;0.287;1.048;0.176;0.962;0.091;0.878;0.05;0.855;0.022;0.848;28.221;27.35;29.287;28.26;27.504;28.98;28.193;27.694;28.907;28.178;27.89;28.939;28.22;28.044;29.007;28.226;28.134;29.013;28.224;28.173;29.029;28.167;28.144;28.993;7.6;62.295;0.043;4.186;43.7;25.21;90.6;NA
28.04.2022;22:45:00;0.843;1.925;0.739;1.47;0.49;1.212;0.281;1.047;0.175;0.968;0.086;0.88;0.05;0.859;0.022;0.848;28.217;27.374;29.3;28.26;27.521;28.991;28.196;27.706;28.919;28.185;27.904;28.951;28.228;28.052;29.02;28.234;28.147;29.027;28.235;28.186;29.045;28.18;28.158;29.006;7.6;62.295;0.043;4.186;42.7;25.22;87.6;NA
28.04.2022;23:00:00;0.833;1.927;0.73;1.471;0.485;1.212;0.277;1.047;0.17;0.964;0.089;0.88;0.047;0.857;0.024;0.847;28.209;27.376;29.303;28.261;27.53;29.002;28.201;27.716;28.928;28.191;27.914;28.961;28.236;28.066;29.031;28.247;28.157;29.037;28.246;28.199;29.056;28.194;28.17;29.018;7.6;62.295;0.043;4.149;38.1;25.24;30.9;NA
28.04.2022;23:15:00;0.804;1.916;0.717;1.469;0.478;1.215;0.273;1.049;0.174;0.972;0.092;0.886;0.047;0.862;0.025;0.85;28.209;27.405;29.321;28.259;27.542;29.012;28.202;27.724;28.939;28.194;27.921;28.97;28.245;28.07;29.043;28.254;28.162;29.048;28.254;28.206;29.068;28.204;28.179;29.029;7.6;62.295;0.043;4.149;33.5;25.21;31.5;NA
28.04.2022;23:30:00;0.789;1.913;0.701;1.461;0.474;1.217;0.266;1.047;0.169;0.967;0.09;0.887;0.044;0.86;0.025;0.853;28.221;27.431;29.345;28.267;27.565;29.026;28.206;27.732;28.949;28.197;27.931;28.979;28.249;28.08;29.047;28.259;28.169;29.056;28.26;28.216;29.076;28.213;28.188;29.041;7.6;62.295;0.043;4.149;32.8;25.21;32.099;NA
28.04.2022;23:45:00;0.793;1.924;0.696;1.465;0.465;1.215;0.262;1.048;0.168;0.97;0.088;0.886;0.043;0.86;0.025;0.852;28.228;27.434;29.358;28.272;27.576;29.042;28.212;27.747;28.962;28.2;27.938;28.986;28.252;28.084;29.054;28.264;28.175;29.062;28.265;28.221;29.082;28.218;28.193;29.045;7.6;62.295;0.043;4.149;32.5;25.21;31.8;NA
29.04.2022;12:45:00;1.12;1.337;0.952;1.054;0.721;1.023;0.476;0.976;0.302;0.946;0.178;0.878;0.12;0.871;0.078;0.86;28.656;27.536;28.874;28.411;27.458;28.513;28.217;27.495;28.518;28.139;27.662;28.639;28.104;27.801;28.748;28.025;27.846;28.725;27.926;27.805;28.676;27.781;27.702;28.563;7.6;62.295;0.043;4.113;30.5;0;0;NA
29.04.2022;13:00:00;1.135;1.314;0.943;1.032;0.712;1.007;0.468;0.965;0.306;0.943;0.175;0.877;0.113;0.867;0.078;0.86;28.802;27.666;28.981;28.536;27.592;28.624;28.331;27.619;28.626;28.243;27.774;28.74;28.203;27.897;28.841;28.109;27.934;28.812;28;27.886;28.754;27.853;27.774;28.635;7.6;62.295;0.043;4.109;30.6;0;0;NA
29.04.2022;13:15:00;1.122;1.301;0.932;1.019;0.703;0.996;0.468;0.955;0.296;0.932;0.17;0.87;0.107;0.861;0.071;0.857;28.931;27.809;29.111;28.661;27.728;28.747;28.446;27.742;28.739;28.353;27.885;28.841;28.298;28.001;28.933;28.198;28.028;28.899;28.08;27.972;28.834;27.926;27.854;28.711;7.6;62.295;0.043;4.091;30.7;0;0;NA
29.04.2022;13:30:00;1.109;1.289;0.928;1.009;0.707;0.996;0.462;0.946;0.29;0.924;0.159;0.856;0.104;0.854;0.065;0.85;29.11;28;29.29;28.826;27.897;28.907;28.591;27.884;28.88;28.477;28.015;28.962;28.405;28.114;29.039;28.29;28.13;28.987;28.167;28.063;28.918;28.002;27.937;28.787;7.6;62.295;0.043;4.077;30.7;0;0;NA
29.04.2022;13:45:00;1.131;1.272;0.919;0.99;0.705;0.989;0.461;0.938;0.283;0.917;0.158;0.852;0.099;0.849;0.061;0.848;29.268;28.136;29.409;28.955;28.036;29.026;28.718;28.013;29.002;28.603;28.142;29.081;28.516;28.232;29.149;28.394;28.235;29.088;28.255;28.155;29.005;28.086;28.024;28.873;7.6;62.295;0.043;4.077;30.9;0;0;NA
29.04.2022;14:00:00;1.072;1.267;0.906;0.997;0.69;0.983;0.454;0.938;0.281;0.914;0.156;0.846;0.094;0.844;0.055;0.835;29.394;28.322;29.589;29.109;28.203;29.2;28.859;28.169;29.153;28.73;28.276;29.215;28.629;28.348;29.263;28.497;28.34;29.187;28.351;28.256;29.101;28.177;28.121;28.956;7.6;62.295;0.043;4.077;31;0;0;NA
29.04.2022;14:15:00;1.091;1.263;0.914;0.992;0.697;0.984;0.456;0.938;0.279;0.914;0.155;0.849;0.092;0.84;0.053;0.834;29.512;28.42;29.684;29.239;28.324;29.317;28.993;28.295;29.279;28.859;28.402;29.34;28.749;28.469;29.383;28.605;28.45;29.299;28.45;28.358;29.198;28.267;28.213;29.048;7.6;62.295;0.043;4.061;31.3;0;0;NA
29.04.2022;14:30:00;1.041;1.252;0.896;0.993;0.687;0.988;0.447;0.94;0.279;0.918;0.149;0.845;0.092;0.844;0.051;0.834;29.549;28.507;29.76;29.322;28.426;29.419;29.099;28.411;29.399;28.969;28.521;29.461;28.86;28.58;29.499;28.713;28.564;29.409;28.552;28.459;29.304;28.365;28.313;29.147;7.6;62.295;0.043;4.044;30.8;0;0;NA
29.04.2022;14:45:00;1.054;1.251;0.904;1.001;0.686;0.987;0.448;0.944;0.272;0.918;0.148;0.845;0.087;0.839;0.046;0.829;29.613;28.559;29.811;29.406;28.501;29.502;29.198;28.511;29.499;29.074;28.626;29.57;28.964;28.691;29.61;28.818;28.669;29.514;28.653;28.565;29.405;28.461;28.415;29.245;7.6;62.295;0.043;4.04;30.7;0;0;NA
29.04.2022;15:00:00;1.081;1.301;0.916;1.023;0.69;1.002;0.445;0.947;0.273;0.92;0.144;0.845;0.082;0.839;0.044;0.828;29.694;28.613;29.915;29.492;28.576;29.599;29.286;28.595;29.597;29.166;28.72;29.668;29.065;28.791;29.711;28.916;28.772;29.617;28.749;28.667;29.507;28.559;28.515;29.343;7.6;62.295;0.043;4.04;30.6;0;0;NA
29.04.2022;15:15:00;1.067;1.294;0.924;1.037;0.691;1.004;0.445;0.948;0.275;0.92;0.143;0.847;0.084;0.844;0.045;0.83;29.773;28.705;30;29.569;28.645;29.682;29.367;28.676;29.68;29.254;28.808;29.757;29.159;28.884;29.805;29.011;28.868;29.716;28.845;28.761;29.606;28.658;28.612;29.443;7.6;62.295;0.043;4.04;30.7;0;0;NA
29.04.2022;15:30:00;1.106;1.326;0.936;1.049;0.698;1.013;0.445;0.955;0.273;0.919;0.142;0.851;0.08;0.841;0.042;0.83;29.834;28.728;30.055;29.634;28.697;29.747;29.444;28.746;29.759;29.336;28.891;29.847;29.248;28.974;29.894;29.101;28.959;29.811;28.941;28.86;29.701;28.754;28.711;29.541;7.6;62.295;0.043;4.027;30.8;0;0;NA
29.04.2022;15:45:00;1.11;1.344;0.944;1.061;0.699;1.02;0.44;0.953;0.266;0.918;0.136;0.846;0.076;0.839;0.043;0.833;29.95;28.839;30.183;29.734;28.79;29.852;29.53;28.831;29.852;29.42;28.98;29.933;29.331;29.064;29.983;29.19;29.053;29.9;29.03;28.953;29.793;28.847;28.804;29.637;7.6;62.295;0.043;4.006;31;0;0;NA
29.04.2022;16:00:00;1.115;1.357;0.945;1.072;0.698;1.025;0.439;0.953;0.265;0.917;0.137;0.846;0.075;0.835;0.036;0.831;29.964;28.849;30.207;29.793;28.847;29.919;29.611;28.913;29.939;29.509;29.07;30.023;29.42;29.155;30.072;29.283;29.145;29.991;29.123;29.047;29.883;28.936;28.9;29.731;7.6;62.295;0.043;4.004;31;0;0;NA
29.04.2022;16:15:00;1.111;1.383;0.942;1.084;0.694;1.032;0.432;0.959;0.265;0.924;0.135;0.847;0.078;0.835;0.033;0.829;30.018;28.907;30.291;29.847;28.904;29.989;29.676;28.981;30.014;29.58;29.147;30.106;29.503;29.238;30.162;29.369;29.233;30.081;29.217;29.139;29.975;29.027;28.993;29.822;7.6;62.295;0.043;4.004;30.7;0;0;NA
29.04.2022;16:30:00;1.137;1.419;0.954;1.1;0.683;1.034;0.426;0.962;0.26;0.925;0.134;0.841;0.073;0.835;0.031;0.825;30.066;28.928;30.347;29.908;28.953;30.054;29.734;29.051;30.085;29.652;29.225;30.187;29.581;29.321;30.246;29.454;29.32;30.161;29.304;29.23;30.065;29.118;29.086;29.912;7.6;62.295;0.043;4.004;30.8;0;0;NA
29.04.2022;16:45:00;1.169;1.461;0.965;1.125;0.687;1.047;0.424;0.967;0.255;0.921;0.131;0.841;0.075;0.841;0.031;0.821;30.053;28.884;30.346;29.938;28.972;30.098;29.796;29.108;30.156;29.721;29.296;30.264;29.656;29.4;30.322;29.537;29.405;30.247;29.392;29.316;30.158;29.212;29.181;30.003;7.6;62.295;0.043;3.993;30.5;0;0;NA
29.04.2022;17:00:00;1.158;1.488;0.961;1.146;0.68;1.058;0.409;0.967;0.249;0.925;0.129;0.847;0.074;0.838;0.034;0.827;30.035;28.877;30.365;29.948;28.986;30.133;29.831;29.151;30.209;29.767;29.357;30.325;29.721;29.471;30.397;29.609;29.48;30.327;29.476;29.401;30.24;29.302;29.267;30.094;7.6;62.295;0.043;3.976;30.3;0;0;NA
29.04.2022;17:15:00;1.172;1.529;0.966;1.171;0.677;1.068;0.407;0.975;0.245;0.928;0.129;0.847;0.068;0.835;0.032;0.829;30.035;28.862;30.391;29.961;28.994;30.165;29.86;29.182;30.251;29.811;29.403;30.379;29.775;29.529;30.457;29.678;29.549;30.397;29.551;29.483;30.318;29.384;29.351;30.181;7.6;62.295;0.043;3.967;29.9;0;0;NA
29.04.2022;17:30:00;1.155;1.526;0.972;1.185;0.676;1.077;0.4;0.98;0.245;0.938;0.123;0.849;0.071;0.84;0.031;0.829;30.052;28.896;30.422;29.974;29.001;30.186;29.88;29.204;30.281;29.84;29.44;30.421;29.82;29.575;30.514;29.736;29.612;30.461;29.623;29.551;30.392;29.461;29.429;30.259;7.6;62.295;0.043;3.967;29.9;0;0;NA
29.04.2022;17:45:00;1.189;1.572;0.989;1.206;0.679;1.088;0.404;0.986;0.238;0.937;0.124;0.857;0.069;0.843;0.039;0.839;30.076;28.886;30.458;30.001;29.012;30.218;29.903;29.223;30.312;29.871;29.467;30.453;29.859;29.621;30.558;29.786;29.662;30.52;29.684;29.614;30.458;29.536;29.496;30.335;7.6;62.295;0.043;3.967;30.3;0;0;NA
29.04.2022;18:00:00;1.19;1.6;0.989;1.229;0.679;1.101;0.398;0.987;0.234;0.934;0.122;0.858;0.066;0.845;0.035;0.833;30.08;28.889;30.489;30.017;29.027;30.256;29.928;29.248;30.35;29.902;29.504;30.491;29.899;29.664;30.599;29.835;29.713;30.571;29.739;29.673;30.519;29.603;29.568;30.402;7.6;62.295;0.043;3.966;30.3;0;0;NA
29.04.2022;18:15:00;1.207;1.643;1.001;1.254;0.677;1.111;0.399;0.998;0.236;0.945;0.12;0.861;0.07;0.85;0.036;0.839;30.087;28.879;30.523;30.04;29.039;30.294;29.951;29.274;30.385;29.931;29.532;30.53;29.934;29.698;30.644;29.878;29.758;30.619;29.797;29.727;30.578;29.664;29.628;30.467;7.6;62.295;0.043;3.947;29.9;0;0;NA
29.04.2022;18:30:00;1.201;1.669;0.999;1.276;0.674;1.122;0.397;1.003;0.237;0.95;0.122;0.863;0.068;0.853;0.038;0.845;30.042;28.841;30.51;30.028;29.029;30.305;29.962;29.287;30.41;29.953;29.555;30.559;29.968;29.731;30.681;29.922;29.799;30.663;29.846;29.777;30.631;29.721;29.683;30.528;7.6;62.295;0.043;3.931;29.5;0;0;NA
29.04.2022;18:45:00;1.218;1.725;1.001;1.305;0.672;1.136;0.389;1.012;0.233;0.948;0.118;0.863;0.066;0.853;0.031;0.842;30.014;28.796;30.522;30.018;29.016;30.322;29.967;29.295;30.431;29.966;29.577;30.589;29.994;29.761;30.709;29.957;29.839;30.702;29.89;29.824;30.677;29.773;29.742;30.584;7.6;62.295;0.043;3.931;29.2;0;0;NA
29.04.2022;19:00:00;1.204;1.76;0.997;1.336;0.667;1.151;0.383;1.017;0.231;0.955;0.119;0.867;0.067;0.856;0.038;0.844;29.992;28.787;30.548;30.009;29.011;30.348;29.967;29.3;30.452;29.976;29.592;30.61;30.014;29.783;30.738;29.988;29.869;30.736;29.933;29.865;30.721;29.826;29.787;30.632;7.6;62.295;0.043;3.931;29.2;0;0;NA
29.04.2022;19:15:00;1.184;1.805;0.99;1.368;0.657;1.168;0.38;1.024;0.225;0.953;0.118;0.873;0.065;0.857;0.038;0.846;29.977;28.792;30.598;30.007;29.016;30.385;29.966;29.309;30.478;29.983;29.602;30.627;30.031;29.805;30.759;30.013;29.895;30.769;29.967;29.902;30.76;29.869;29.831;30.677;7.6;62.295;0.043;3.931;28.8;0;0;NA
29.04.2022;19:30:00;1.167;1.846;0.975;1.401;0.642;1.182;0.37;1.03;0.224;0.961;0.115;0.877;0.069;0.862;0.034;0.846;29.952;28.785;30.632;29.999;29.024;30.425;29.967;29.324;30.506;29.988;29.618;30.648;30.042;29.817;30.779;30.033;29.917;30.795;30.001;29.931;30.795;29.907;29.873;30.72;7.6;62.295;0.043;4.004;38.6;25.22;102;NA
29.04.2022;19:45:00;1.147;1.893;0.952;1.425;0.629;1.191;0.36;1.036;0.219;0.962;0.113;0.876;0.062;0.855;0.032;0.846;29.927;28.779;30.672;29.989;29.036;30.462;29.967;29.338;30.529;29.989;29.628;30.664;30.051;29.832;30.794;30.048;29.935;30.811;30.022;29.96;30.815;29.937;29.905;30.752;7.6;62.295;0.043;4.04;46.2;25.19;102.9;NA
29.04.2022;20:00:00;1.103;1.908;0.92;1.443;0.61;1.2;0.35;1.039;0.215;0.968;0.11;0.875;0.059;0.857;0.032;0.849;29.9;28.797;30.705;29.974;29.053;30.496;29.961;29.351;30.551;29.989;29.638;30.678;30.055;29.84;30.809;30.059;29.949;30.824;30.043;29.983;30.84;29.965;29.932;30.781;7.6;62.295;0.043;4.077;47.4;25.13;103.2;NA
29.04.2022;20:15:00;1.074;1.937;0.894;1.461;0.588;1.207;0.337;1.043;0.206;0.967;0.107;0.878;0.061;0.86;0.032;0.848;29.879;28.804;30.742;29.964;29.069;30.53;29.955;29.367;30.574;29.985;29.648;30.691;30.056;29.85;30.817;30.068;29.961;30.839;30.059;29.997;30.858;29.989;29.957;30.806;7.6;62.295;0.043;4.077;47.3;25.13;103.5;NA
29.04.2022;20:30:00;1.023;1.941;0.86;1.469;0.571;1.214;0.329;1.048;0.201;0.973;0.103;0.88;0.058;0.859;0.032;0.85;29.867;28.843;30.785;29.955;29.095;30.564;29.949;29.378;30.593;29.982;29.653;30.701;30.056;29.854;30.827;30.074;29.97;30.851;30.072;30.014;30.873;30.008;29.976;30.826;7.6;62.295;0.043;4.113;47.3;25.09;103.5;NA
29.04.2022;20:45:00;1.003;1.954;0.843;1.481;0.559;1.219;0.32;1.052;0.201;0.976;0.101;0.881;0.059;0.862;0.031;0.852;29.86;28.857;30.811;29.952;29.108;30.59;29.945;29.385;30.605;29.977;29.656;30.708;30.056;29.855;30.831;30.077;29.975;30.857;30.082;30.022;30.885;30.023;29.992;30.844;7.6;62.295;0.043;4.113;47.2;25.06;103.5;NA
29.04.2022;21:00:00;0.975;1.958;0.824;1.479;0.547;1.222;0.312;1.054;0.195;0.976;0.1;0.884;0.06;0.866;0.03;0.853;29.841;28.866;30.825;29.94;29.115;30.594;29.937;29.389;30.612;29.969;29.657;30.711;30.051;29.855;30.832;30.077;29.976;30.861;30.089;30.028;30.894;30.033;30.002;30.855;7.6;62.295;0.043;4.149;47;25.02;103.5;NA
29.04.2022;21:15:00;0.963;1.967;0.802;1.483;0.534;1.222;0.304;1.056;0.19;0.976;0.1;0.888;0.057;0.863;0.026;0.852;29.831;28.867;30.835;29.927;29.124;30.607;29.928;29.393;30.616;29.96;29.656;30.713;30.044;29.854;30.831;30.075;29.975;30.863;30.092;30.035;30.898;30.039;30.013;30.865;7.6;62.295;0.043;4.149;46.6;25.01;102;NA
29.04.2022;21:30:00;0.92;1.956;0.778;1.481;0.518;1.219;0.296;1.058;0.185;0.978;0.095;0.888;0.055;0.863;0.027;0.855;29.81;28.89;30.846;29.911;29.133;30.614;29.914;29.396;30.615;29.95;29.654;30.712;30.036;29.851;30.83;30.07;29.975;30.864;30.093;30.038;30.901;30.045;30.018;30.874;7.6;62.295;0.043;4.162;46.1;24.99;99.9;NA
29.04.2022;21:45:00;0.887;1.956;0.758;1.484;0.506;1.226;0.288;1.055;0.182;0.983;0.095;0.892;0.055;0.865;0.027;0.855;29.799;28.911;30.867;29.903;29.144;30.629;29.902;29.396;30.622;29.94;29.652;30.707;30.028;29.845;30.828;30.064;29.968;30.86;30.091;30.036;30.901;30.046;30.019;30.874;7.6;62.295;0.043;4.186;45.4;25.01;96.9;NA
29.04.2022;22:00:00;0.843;1.941;0.729;1.477;0.489;1.221;0.279;1.058;0.177;0.982;0.088;0.889;0.051;0.866;0.027;0.855;29.797;28.954;30.895;29.894;29.164;30.642;29.893;29.403;30.625;29.929;29.649;30.708;30.017;29.84;30.822;30.056;29.967;30.857;30.084;30.033;30.899;30.046;30.019;30.875;7.6;62.295;0.043;4.186;45.1;25.01;92.7;NA
29.04.2022;22:15:00;0.82;1.93;0.716;1.476;0.48;1.222;0.274;1.059;0.172;0.98;0.09;0.893;0.052;0.87;0.025;0.858;29.79;28.97;30.901;29.89;29.173;30.65;29.887;29.406;30.629;29.921;29.647;30.706;30.008;29.835;30.816;30.048;29.958;30.851;30.079;30.026;30.897;30.042;30.017;30.875;7.6;62.295;0.043;4.186;43.9;25.03;85.8;NA
29.04.2022;22:30:00;0.824;1.954;0.7;1.477;0.469;1.223;0.266;1.054;0.166;0.98;0.089;0.893;0.052;0.872;0.023;0.858;29.782;28.958;30.912;29.883;29.183;30.66;29.88;29.411;30.634;29.915;29.649;30.704;29.999;29.832;30.813;30.041;29.952;30.845;30.071;30.019;30.891;30.038;30.014;30.873;7.6;62.295;0.043;4.186;42.7;25.03;81.3;NA
29.04.2022;22:45:00;0.807;1.947;0.688;1.473;0.458;1.219;0.259;1.055;0.163;0.981;0.085;0.891;0.049;0.87;0.024;0.859;29.766;28.958;30.906;29.872;29.184;30.658;29.869;29.411;30.63;29.905;29.645;30.7;29.99;29.827;30.808;30.033;29.947;30.838;30.064;30.015;30.886;30.03;30.005;30.865;7.6;62.295;0.043;4.186;44.5;25;96;NA
29.04.2022;23:00:00;0.773;1.929;0.673;1.47;0.453;1.218;0.254;1.056;0.163;0.98;0.082;0.89;0.047;0.869;0.024;0.86;29.754;28.98;30.909;29.858;29.184;30.655;29.859;29.406;30.624;29.892;29.638;30.694;29.98;29.817;30.797;30.02;29.938;30.829;30.053;30.006;30.876;30.023;29.998;30.858;7.6;62.295;0.043;4.186;44.3;25.01;93.3;NA
29.04.2022;23:15:00;0.744;1.913;0.659;1.466;0.444;1.216;0.249;1.058;0.16;0.98;0.083;0.891;0.044;0.87;0.025;0.861;29.757;29.012;30.925;29.854;29.194;30.661;29.849;29.405;30.621;29.881;29.631;30.689;29.97;29.809;30.79;30.013;29.93;30.821;30.042;29.998;30.869;30.015;29.989;30.85;7.6;62.295;0.043;4.186;43.7;25.02;89.4;NA
29.04.2022;23:30:00;0.736;1.911;0.647;1.461;0.434;1.212;0.246;1.053;0.152;0.978;0.082;0.893;0.042;0.873;0.023;0.861;29.776;29.04;30.952;29.861;29.214;30.675;29.846;29.412;30.625;29.876;29.629;30.683;29.958;29.805;30.784;30;29.917;30.811;30.03;29.988;30.861;30.004;29.98;30.841;7.6;62.295;0.043;4.186;43.4;25;86.7;NA
29.04.2022;23:45:00;0.711;1.903;0.632;1.458;0.431;1.214;0.243;1.056;0.153;0.983;0.081;0.895;0.043;0.873;0.021;0.86;29.795;29.084;30.987;29.872;29.239;30.697;29.851;29.42;30.635;29.873;29.629;30.685;29.951;29.797;30.78;29.992;29.91;30.806;30.021;29.978;30.851;29.992;29.971;30.831;7.6;62.295;0.043;4.149;34.7;24.99;31.5;NA
29.04.2022;00:00:00;0.774;1.916;0.685;1.461;0.465;1.213;0.256;1.047;0.168;0.971;0.085;0.885;0.047;0.864;0.026;0.855;28.227;27.452;29.369;28.276;27.59;29.052;28.22;27.755;28.969;28.204;27.947;28.994;28.257;28.089;29.06;28.265;28.18;29.066;28.27;28.223;29.087;28.223;28.197;29.052;7.6;62.295;0.043;4.14;32.7;25.17;32.099;NA
29.04.2022;00:15:00;0.765;1.917;0.681;1.463;0.456;1.21;0.256;1.05;0.164;0.97;0.082;0.883;0.047;0.861;0.025;0.854;28.227;27.462;29.379;28.279;27.598;29.062;28.222;27.766;28.976;28.207;27.951;29.002;28.259;28.095;29.065;28.268;28.185;29.069;28.275;28.227;29.089;28.226;28.2;29.055;7.6;62.295;0.043;4.113;32.599;25.17;31.8;NA
29.04.2022;00:30:00;0.749;1.91;0.674;1.465;0.451;1.209;0.255;1.048;0.164;0.972;0.08;0.882;0.043;0.861;0.019;0.85;28.224;27.474;29.385;28.28;27.605;29.071;28.223;27.772;28.981;28.211;27.956;29.004;28.261;28.096;29.069;28.271;28.19;29.073;28.275;28.232;29.094;28.227;28.208;29.058;7.6;62.295;0.043;4.113;32.599;25.14;31.8;NA
29.04.2022;00:45:00;0.729;1.901;0.663;1.461;0.446;1.209;0.25;1.047;0.161;0.967;0.082;0.883;0.044;0.863;0.023;0.854;28.211;27.482;29.384;28.273;27.61;29.071;28.221;27.774;28.984;28.21;27.959;29.006;28.262;28.101;29.069;28.273;28.19;29.074;28.277;28.232;29.095;28.229;28.206;29.061;7.6;62.295;0.043;4.113;32.3;25.14;31.8;NA
29.04.2022;01:00:00;0.715;1.904;0.647;1.459;0.435;1.207;0.245;1.047;0.16;0.969;0.081;0.886;0.044;0.865;0.022;0.855;28.189;27.474;29.378;28.258;27.611;29.07;28.213;27.777;28.984;28.206;27.961;29.008;28.261;28.101;29.07;28.271;28.189;29.075;28.277;28.232;29.098;28.229;28.206;29.061;7.6;62.295;0.043;4.113;32.4;25.14;32.099;NA
29.04.2022;01:15:00;0.697;1.895;0.639;1.459;0.431;1.211;0.242;1.048;0.157;0.971;0.08;0.887;0.042;0.862;0.02;0.852;28.168;27.47;29.366;28.243;27.603;29.063;28.201;27.769;28.98;28.198;27.955;29.004;28.255;28.097;29.069;28.268;28.187;29.074;28.274;28.232;29.095;28.227;28.207;29.059;7.6;62.295;0.043;4.113;32.3;25.1;32.099;NA
29.04.2022;01:30:00;0.701;1.921;0.625;1.463;0.422;1.21;0.239;1.049;0.153;0.971;0.081;0.888;0.043;0.862;0.024;0.857;28.089;27.388;29.31;28.197;27.571;29.034;28.178;27.756;28.967;28.186;27.947;28.996;28.245;28.092;29.064;28.262;28.18;29.069;28.271;28.227;29.09;28.224;28.199;29.057;7.6;62.295;0.043;4.113;31.8;25.03;31.8;NA
29.04.2022;01:45:00;0.682;1.9;0.614;1.462;0.414;1.213;0.229;1.047;0.147;0.972;0.079;0.888;0.039;0.862;0.02;0.857;28.045;27.362;29.263;28.146;27.531;28.994;28.137;27.723;28.936;28.156;27.926;28.974;28.226;28.078;29.051;28.251;28.172;29.06;28.261;28.221;29.083;28.217;28.196;29.053;7.6;62.295;0.043;4.08;31.8;25.14;31.8;NA
29.04.2022;02:00:00;0.666;1.895;0.599;1.458;0.404;1.209;0.226;1.05;0.149;0.973;0.075;0.891;0.037;0.862;0.022;0.855;28.007;27.341;29.237;28.107;27.508;28.967;28.103;27.698;28.907;28.126;27.9;28.95;28.205;28.056;29.029;28.232;28.156;29.047;28.248;28.21;29.073;28.209;28.187;29.043;7.6;62.295;0.043;4.077;31.7;25.1;31.8;NA
29.04.2022;02:15:00;0.659;1.896;0.598;1.459;0.397;1.211;0.227;1.051;0.15;0.976;0.072;0.89;0.038;0.867;0.02;0.857;27.966;27.306;29.203;28.075;27.477;28.937;28.067;27.669;28.881;28.101;27.873;28.924;28.181;28.031;29.007;28.211;28.138;29.028;28.231;28.192;29.059;28.193;28.173;29.03;7.6;62.295;0.043;4.077;31.6;25.1;31.8;NA
29.04.2022;02:30:00;0.643;1.885;0.582;1.452;0.396;1.205;0.221;1.05;0.142;0.974;0.069;0.888;0.04;0.87;0.017;0.856;27.932;27.288;29.174;28.037;27.454;28.907;28.039;27.643;28.848;28.069;27.847;28.897;28.152;28.009;28.984;28.188;28.118;29.007;28.214;28.173;29.043;28.177;28.159;29.016;7.6;62.295;0.043;4.077;31.7;25.07;31.8;NA
29.04.2022;02:45:00;0.644;1.899;0.574;1.451;0.388;1.206;0.218;1.051;0.142;0.98;0.07;0.891;0.04;0.868;0.02;0.858;27.889;27.245;29.144;28.003;27.428;28.88;28.006;27.618;28.824;28.039;27.82;28.872;28.125;27.982;28.962;28.163;28.092;28.984;28.193;28.153;29.021;28.16;28.14;28.999;7.6;62.295;0.043;4.077;31.5;25.1;31.8;NA
29.04.2022;03:00:00;0.628;1.892;0.56;1.449;0.376;1.207;0.216;1.047;0.14;0.977;0.07;0.893;0.039;0.867;0.016;0.856;27.83;27.201;29.093;27.949;27.388;28.838;27.962;27.586;28.793;28.009;27.793;28.84;28.096;27.956;28.933;28.138;28.068;28.961;28.171;28.132;28.999;28.138;28.121;28.978;7.6;62.295;0.043;4.077;31.5;25.07;31.8;NA
29.04.2022;03:15:00;0.612;1.888;0.549;1.447;0.373;1.206;0.209;1.05;0.134;0.979;0.067;0.892;0.037;0.867;0.018;0.858;27.753;27.141;29.029;27.887;27.338;28.785;27.917;27.543;28.75;27.965;27.755;28.806;28.06;27.925;28.905;28.108;28.041;28.934;28.145;28.108;28.975;28.117;28.099;28.957;7.6;62.295;0.043;4.077;31.1;25.03;31.8;NA
29.04.2022;03:30:00;0.596;1.878;0.543;1.443;0.368;1.205;0.203;1.051;0.133;0.98;0.062;0.893;0.031;0.867;0.015;0.858;27.716;27.119;28.998;27.844;27.3;28.744;27.872;27.504;28.709;27.92;27.717;28.769;28.022;27.888;28.869;28.073;28.011;28.904;28.114;28.082;28.949;28.089;28.074;28.932;7.6;62.295;0.043;4.068;31.3;25.07;32.099;NA
29.04.2022;03:45:00;0.584;1.87;0.527;1.438;0.357;1.201;0.195;1.044;0.128;0.979;0.061;0.895;0.033;0.871;0.018;0.86;27.681;27.097;28.967;27.804;27.276;28.714;27.828;27.47;28.672;27.881;27.686;28.73;27.982;27.854;28.834;28.038;27.976;28.872;28.082;28.049;28.92;28.063;28.044;28.904;7.6;62.295;0.043;4.04;31.4;25.03;31.8;NA
29.04.2022;04:00:00;0.568;1.868;0.52;1.438;0.351;1.2;0.193;1.048;0.125;0.979;0.064;0.896;0.033;0.871;0.016;0.863;27.63;27.061;28.93;27.76;27.24;28.678;27.787;27.436;28.636;27.841;27.647;28.696;27.944;27.819;28.798;28.004;27.939;28.836;28.049;28.016;28.888;28.029;28.012;28.875;7.6;62.295;0.043;4.04;31.1;25.03;31.8;NA
29.04.2022;04:15:00;0.574;1.882;0.515;1.439;0.349;1.199;0.19;1.046;0.121;0.977;0.061;0.895;0.033;0.876;0.018;0.863;27.582;27.008;28.89;27.718;27.202;28.641;27.747;27.398;28.597;27.801;27.611;28.657;27.906;27.785;28.762;27.968;27.907;28.802;28.013;27.979;28.855;27.999;27.981;28.845;7.6;62.295;0.043;4.04;31;25.07;31.8;NA
29.04.2022;04:30:00;0.577;1.891;0.511;1.443;0.343;1.2;0.187;1.043;0.117;0.975;0.062;0.897;0.033;0.873;0.018;0.866;27.507;26.93;28.822;27.655;27.144;28.587;27.698;27.354;28.554;27.759;27.572;28.615;27.868;27.75;28.725;27.933;27.871;28.768;27.981;27.947;28.821;27.964;27.946;28.812;7.6;62.295;0.043;4.04;31;25.07;31.8;NA
29.04.2022;04:45:00;0.56;1.879;0.502;1.438;0.335;1.195;0.181;1.042;0.118;0.98;0.055;0.892;0.031;0.876;0.019;0.867;27.439;26.879;28.758;27.591;27.088;28.527;27.639;27.304;28.499;27.708;27.526;28.569;27.825;27.706;28.687;27.892;27.837;28.729;27.941;27.91;28.787;27.93;27.911;28.779;7.6;62.295;0.043;4.04;30.9;25.03;31.8;NA
29.04.2022;05:00:00;0.554;1.869;0.499;1.437;0.336;1.196;0.18;1.041;0.116;0.978;0.056;0.895;0.032;0.878;0.02;0.868;27.422;26.868;28.737;27.556;27.057;28.494;27.596;27.26;28.456;27.661;27.481;28.522;27.778;27.661;28.64;27.849;27.793;28.689;27.904;27.872;28.75;27.895;27.874;28.743;7.6;62.295;0.043;4.04;30.9;24.96;32.099;NA
29.04.2022;05:15:00;0.544;1.867;0.495;1.43;0.333;1.192;0.177;1.045;0.113;0.975;0.054;0.892;0.029;0.877;0.016;0.869;27.403;26.858;28.726;27.529;27.034;28.464;27.562;27.228;28.421;27.62;27.442;28.487;27.736;27.622;28.598;27.808;27.753;28.646;27.861;27.832;28.709;27.853;27.836;28.705;7.6;62.295;0.043;4.04;31;24.99;31.8;NA
29.04.2022;05:30:00;0.541;1.864;0.495;1.431;0.331;1.19;0.177;1.043;0.112;0.974;0.055;0.894;0.028;0.872;0.019;0.868;27.384;26.842;28.707;27.508;27.012;28.444;27.532;27.2;28.391;27.589;27.411;28.454;27.699;27.587;28.561;27.768;27.713;28.607;27.825;27.796;28.669;27.816;27.797;28.665;7.6;62.295;0.043;4.04;31.1;24.96;32.099;NA
29.04.2022;05:45:00;0.534;1.861;0.49;1.43;0.331;1.194;0.174;1.04;0.109;0.973;0.053;0.892;0.028;0.875;0.021;0.875;27.356;26.821;28.683;27.48;26.99;28.42;27.501;27.17;28.364;27.555;27.381;28.421;27.663;27.553;28.526;27.731;27.678;28.57;27.786;27.758;28.633;27.775;27.753;28.629;7.6;62.295;0.043;4.007;31;25;32.099;NA
29.04.2022;06:00:00;0.533;1.868;0.486;1.426;0.329;1.193;0.169;1.037;0.111;0.976;0.053;0.891;0.027;0.874;0.015;0.867;27.325;26.792;28.661;27.455;26.968;28.395;27.474;27.144;28.338;27.522;27.353;28.39;27.631;27.519;28.495;27.697;27.643;28.535;27.749;27.721;28.596;27.738;27.723;28.59;7.6;62.295;0.043;4.004;31;24.96;31.8;NA
29.04.2022;06:15:00;0.527;1.861;0.479;1.425;0.321;1.188;0.167;1.034;0.109;0.972;0.051;0.892;0.027;0.876;0.017;0.87;27.29;26.763;28.624;27.417;26.937;28.363;27.44;27.118;28.307;27.491;27.324;28.359;27.598;27.488;28.461;27.661;27.609;28.502;27.712;27.685;28.561;27.701;27.684;28.554;7.6;62.295;0.043;4.077;31.3;24.89;31.8;NA
29.04.2022;06:30:00;0.517;1.857;0.478;1.424;0.326;1.192;0.169;1.036;0.108;0.969;0.051;0.891;0.026;0.87;0.016;0.869;27.254;26.737;28.594;27.384;26.905;28.33;27.408;27.082;28.275;27.459;27.289;28.326;27.565;27.457;28.426;27.627;27.575;28.467;27.677;27.65;28.52;27.664;27.647;28.517;7.6;62.295;0.043;4.102;31.7;24.89;32.099;NA
29.04.2022;06:45:00;0.51;1.849;0.479;1.42;0.32;1.189;0.166;1.034;0.106;0.969;0.051;0.889;0.025;0.874;0.015;0.864;27.241;26.73;28.58;27.363;26.883;28.304;27.377;27.056;28.246;27.424;27.257;28.291;27.529;27.423;28.393;27.592;27.54;28.429;27.64;27.615;28.489;27.628;27.612;28.477;7.6;62.295;0.043;4.113;32;24.89;31.8;NA
29.04.2022;07:00:00;0.5;1.842;0.469;1.418;0.315;1.183;0.166;1.034;0.107;0.968;0.048;0.89;0.029;0.876;0.014;0.869;27.219;26.718;28.561;27.335;26.866;28.284;27.349;27.033;28.217;27.396;27.23;28.264;27.499;27.392;28.361;27.555;27.506;28.397;27.606;27.577;28.453;27.591;27.576;28.446;7.6;62.295;0.043;4.113;31.9;24.93;32.4;NA
29.04.2022;07:15:00;0.503;1.847;0.463;1.416;0.312;1.188;0.161;1.032;0.107;0.971;0.046;0.884;0.025;0.871;0.012;0.865;27.205;26.701;28.549;27.314;26.851;28.267;27.32;27.008;28.197;27.367;27.206;28.238;27.467;27.36;28.332;27.522;27.476;28.361;27.571;27.545;28.416;27.554;27.541;28.407;7.6;62.295;0.043;4.113;32;24.89;32.099;NA
29.04.2022;07:30:00;0.497;1.838;0.461;1.413;0.309;1.182;0.157;1.034;0.105;0.968;0.046;0.882;0.022;0.869;0.012;0.865;27.21;26.713;28.552;27.304;26.843;28.256;27.303;26.994;28.176;27.336;27.179;28.214;27.438;27.333;28.302;27.492;27.446;28.328;27.535;27.512;28.382;27.518;27.506;28.371;7.6;62.295;0.043;4.149;31.8;24.82;31.8;NA
29.04.2022;07:45:00;0.5;1.834;0.463;1.409;0.308;1.18;0.157;1.03;0.103;0.966;0.046;0.883;0.024;0.872;0.013;0.862;27.23;26.729;28.564;27.309;26.846;28.255;27.291;26.982;28.162;27.318;27.161;28.191;27.41;27.307;28.274;27.461;27.414;28.298;27.5;27.476;28.348;27.484;27.471;28.334;7.6;62.295;0.043;4.149;32;24.85;31.8;NA
29.04.2022;08:00:00;0.519;1.839;0.473;1.412;0.314;1.178;0.161;1.03;0.104;0.966;0.043;0.883;0.022;0.868;0.008;0.863;27.273;26.753;28.593;27.329;26.855;28.267;27.297;26.982;28.161;27.309;27.148;28.178;27.392;27.288;28.254;27.433;27.39;28.273;27.471;27.448;28.317;27.447;27.439;28.302;7.6;62.295;0.043;4.149;32.099;24.82;31.8;NA
29.04.2022;08:15:00;0.531;1.837;0.48;1.408;0.318;1.178;0.161;1.028;0.106;0.962;0.048;0.884;0.023;0.866;0.009;0.859;27.334;26.803;28.64;27.363;26.883;28.291;27.308;26.99;28.169;27.307;27.146;28.175;27.38;27.274;28.237;27.414;27.366;28.25;27.445;27.422;28.288;27.418;27.409;28.269;7.6;62.295;0.043;4.149;32.3;24.78;31.2;NA
29.04.2022;08:30:00;0.559;1.84;0.493;1.41;0.324;1.179;0.164;1.028;0.109;0.967;0.048;0.882;0.021;0.865;0.012;0.864;27.448;26.889;28.73;27.429;26.935;28.346;27.342;27.017;28.196;27.319;27.155;28.183;27.376;27.266;28.234;27.399;27.35;28.232;27.421;27.399;28.265;27.39;27.378;28.242;7.6;62.295;0.043;4.149;32.5;24.81;30.9;NA
29.04.2022;08:45:00;0.613;1.865;0.544;1.426;0.371;1.195;0.196;1.038;0.123;0.967;0.057;0.883;0.025;0.864;0.008;0.858;27.557;26.944;28.809;27.522;26.977;28.404;27.408;27.036;28.231;27.36;27.164;28.202;27.39;27.266;28.234;27.397;27.339;28.223;27.406;27.381;28.245;27.367;27.358;28.216;7.6;62.295;0.043;4.186;32.9;24.81;31.2;NA
29.04.2022;09:00:00;0.753;1.921;0.658;1.472;0.452;1.223;0.247;1.056;0.15;0.978;0.066;0.884;0.028;0.863;0.012;0.858;27.667;26.913;28.835;27.62;26.962;28.435;27.485;27.032;28.256;27.412;27.165;28.221;27.417;27.267;28.246;27.404;27.337;28.222;27.399;27.371;28.235;27.349;27.337;28.195;7.6;62.295;0.043;4.186;32.7;24.81;30.3;NA
29.04.2022;09:15:00;0.918;1.973;0.795;1.515;0.54;1.254;0.307;1.079;0.179;0.988;0.081;0.889;0.039;0.868;0.013;0.857;27.774;26.856;28.829;27.707;26.911;28.427;27.55;27.01;28.264;27.465;27.157;28.237;27.448;27.269;28.257;27.417;27.336;28.225;27.399;27.36;28.228;27.339;27.326;28.184;7.6;62.295;0.043;4.186;32.7;24.77;30.3;NA
29.04.2022;09:30:00;1.054;2.008;0.905;1.55;0.62;1.28;0.352;1.087;0.206;0.994;0.096;0.893;0.046;0.87;0.018;0.86;27.874;26.82;28.828;27.775;26.869;28.419;27.603;26.982;28.263;27.504;27.152;28.24;27.476;27.27;28.264;27.434;27.338;28.231;27.404;27.358;28.229;27.333;27.315;28.176;7.6;62.295;0.043;4.186;32.9;24.77;30.6;NA
29.04.2022;09:45:00;1.329;2.06;1.112;1.59;0.765;1.315;0.449;1.118;0.254;1.01;0.123;0.902;0.058;0.873;0.021;0.86;28.039;26.71;28.771;27.875;26.762;28.353;27.671;26.905;28.22;27.557;27.107;28.226;27.51;27.256;28.266;27.458;27.335;28.237;27.415;27.356;28.23;27.333;27.312;28.173;7.6;62.295;0.043;4.186;33;24.77;30.3;NA
29.04.2022;10:00:00;1.693;1.999;1.386;1.55;0.974;1.32;0.602;1.146;0.335;1.032;0.162;0.916;0.074;0.878;0.035;0.865;28.08;26.387;28.386;27.85;26.463;28.014;27.663;26.689;28.009;27.576;26.974;28.12;27.537;27.201;28.234;27.477;27.315;28.232;27.425;27.351;28.229;27.339;27.304;28.17;7.6;62.295;0.043;4.186;33.9;24.77;30.6;NA
29.04.2022;10:15:00;1.736;1.955;1.354;1.472;0.963;1.275;0.618;1.131;0.368;1.033;0.189;0.922;0.091;0.885;0.043;0.869;28.112;26.376;28.331;27.749;26.395;27.867;27.554;26.59;27.866;27.503;26.884;28.016;27.51;27.142;28.175;27.476;27.286;28.209;27.429;27.337;28.223;27.341;27.298;28.168;7.6;62.295;0.043;4.186;35;24.85;30.9;NA
29.04.2022;10:30:00;1.678;1.865;1.313;1.413;0.939;1.243;0.608;1.111;0.373;1.027;0.199;0.921;0.108;0.887;0.055;0.872;28.193;26.514;28.38;27.769;26.456;27.869;27.546;26.607;27.85;27.493;26.885;27.997;27.505;27.131;28.159;27.476;27.277;28.198;27.435;27.327;28.215;27.348;27.292;28.164;7.6;62.295;0.043;4.186;35.7;24.84;30.3;NA
29.04.2022;10:45:00;1.465;1.716;1.221;1.335;0.912;1.207;0.602;1.098;0.374;1.017;0.21;0.918;0.117;0.889;0.068;0.873;28.028;26.563;28.279;27.732;26.511;27.846;27.559;26.647;27.854;27.517;26.914;28.013;27.53;27.155;28.173;27.501;27.29;28.208;27.455;27.337;28.227;27.363;27.295;28.168;7.6;62.295;0.043;4.186;35.5;24.84;30.3;NA
29.04.2022;11:00:00;1.488;1.655;1.181;1.281;0.874;1.174;0.583;1.074;0.369;1.009;0.208;0.912;0.126;0.89;0.071;0.871;28.154;26.665;28.321;27.76;26.579;27.86;27.571;26.697;27.872;27.542;26.959;28.034;27.565;27.195;28.204;27.535;27.327;28.239;27.487;27.361;28.251;27.386;27.315;28.186;7.6;62.295;0.043;4.186;35.4;24.81;30.3;NA
29.04.2022;11:15:00;1.521;1.674;1.198;1.275;0.872;1.162;0.569;1.059;0.359;1.001;0.209;0.909;0.127;0.886;0.078;0.873;28.399;26.878;28.553;27.928;26.729;28.005;27.675;26.803;27.966;27.609;27.04;28.099;27.612;27.253;28.254;27.579;27.369;28.279;27.527;27.399;28.286;27.422;27.343;28.217;7.6;62.295;0.043;4.186;36.1;24.77;30.6;NA
29.04.2022;11:30:00;1.363;1.584;1.129;1.22;0.852;1.137;0.568;1.052;0.358;0.993;0.207;0.909;0.131;0.887;0.085;0.875;28.354;26.99;28.575;27.995;26.866;28.087;27.771;26.919;28.057;27.703;27.134;28.187;27.693;27.334;28.328;27.64;27.432;28.342;27.578;27.447;28.334;27.465;27.38;28.255;7.6;62.295;0.043;4.149;32.099;0;0;NA
29.04.2022;11:45:00;1.261;1.485;1.072;1.164;0.819;1.106;0.549;1.034;0.352;0.989;0.212;0.906;0.133;0.887;0.085;0.874;28.36;27.098;28.583;28.053;26.98;28.145;27.849;27.029;28.136;27.787;27.238;28.272;27.773;27.42;28.409;27.716;27.504;28.41;27.64;27.507;28.394;27.518;27.432;28.306;7.6;62.295;0.043;4.149;31.1;0;0;NA
29.04.2022;12:00:00;1.217;1.429;1.02;1.112;0.788;1.068;0.533;1.015;0.347;0.977;0.207;0.899;0.135;0.884;0.087;0.873;28.385;27.168;28.597;28.107;27.086;28.198;27.926;27.137;28.206;27.87;27.336;28.352;27.857;27.509;28.486;27.794;27.587;28.486;27.71;27.574;28.459;27.579;27.492;28.365;7.6;62.295;0.043;4.133;30.8;0;0;NA
29.04.2022;12:15:00;1.187;1.389;0.99;1.087;0.75;1.049;0.506;0.996;0.327;0.963;0.198;0.892;0.129;0.881;0.088;0.87;28.437;27.25;28.639;28.183;27.192;28.279;28.003;27.252;28.302;27.95;27.444;28.441;27.932;27.605;28.569;27.869;27.671;28.563;27.779;27.649;28.53;27.647;27.558;28.429;7.6;62.295;0.043;4.113;30.4;0;0;NA
29.04.2022;12:30:00;1.194;1.387;0.977;1.072;0.731;1.031;0.488;0.983;0.319;0.957;0.188;0.886;0.123;0.876;0.087;0.871;28.576;27.381;28.768;28.294;27.316;28.389;28.1;27.369;28.4;28.039;27.551;28.534;28.018;27.698;28.656;27.946;27.757;28.644;27.852;27.728;28.605;27.713;27.625;28.497;7.6;62.295;0.043;4.113;30.7;5;100;NA
